Alarm_ID,System_ID,Alarm_Type,Severity,Alarm_Time,Cleared_Time,Status
ALM0001,SYS0442,Low Pressure,Low,2026-04-21 13:28:01,2026-01-23 12:47:25,Open
ALM0002,SYS0202,Emergency Stop,Critical,2026-04-06 15:33:36,2026-06-24 20:55:15,Closed
ALM0003,SYS0389,Low Pressure,High,2026-01-25 17:16:15,2026-05-03 10:52:13,Closed
ALM0004,SYS0005,Low Pressure,Medium,2026-01-28 13:06:34,2026-04-02 03:44:47,Closed
ALM0005,SYS0425,High Temperature,Low,2026-06-06 15:09:53,2026-05-31 15:46:56,Closed
ALM0006,SYS0109,Emergency Stop,High,2026-03-10 03:02:54,2026-04-23 16:21:45,Closed
ALM0007,SYS0067,Emergency Stop,Medium,2026-02-08 15:51:30,2026-01-19 15:20:02,Closed
ALM0008,SYS0055,Emergency Stop,High,2026-06-13 01:05:49,2026-04-08 18:10:24,Open
ALM0009,SYS0299,High Temperature,Medium,2026-06-18 02:49:35,2026-04-01 03:02:18,Open
ALM0010,SYS0113,Low Pressure,High,2026-03-02 22:49:29,2026-07-09 08:54:41,Closed
ALM0011,SYS0439,High Temperature,Low,2026-07-07 23:42:57,2026-05-04 22:48:26,Open
ALM0012,SYS0378,High Temperature,Low,2026-05-13 08:41:04,2026-03-13 13:06:09,Closed
ALM0013,SYS0430,High Temperature,High,2026-01-04 10:39:57,2026-03-29 09:07:18,Open
ALM0014,SYS0003,Emergency Stop,High,2026-06-01 02:59:50,2026-05-22 21:55:38,Open
ALM0015,SYS0008,Low Pressure,Low,2026-05-07 00:36:31,2026-03-27 23:54:28,Open
ALM0016,SYS0197,Emergency Stop,Critical,2026-03-19 05:07:11,2026-05-16 21:43:48,Open
ALM0017,SYS0407,Low Pressure,Low,2026-03-13 11:48:04,2026-04-30 19:57:56,Closed
ALM0018,SYS0459,Motor Fault,Critical,2026-04-19 21:28:34,2026-06-27 07:08:32,Closed
ALM0019,SYS0387,Emergency Stop,High,2026-03-28 12:42:29,2026-02-07 12:20:53,Open
ALM0020,SYS0045,Low Pressure,Critical,2026-04-12 04:57:25,2026-01-19 03:40:18,Closed
ALM0021,SYS0086,Emergency Stop,Low,2026-05-28 11:49:47,2026-03-17 16:31:51,Open
ALM0022,SYS0489,Low Pressure,Critical,2026-03-21 03:09:34,2026-04-19 23:09:44,Open
ALM0023,SYS0409,High Temperature,Medium,2026-03-10 06:02:15,2026-06-09 16:16:25,Closed
ALM0024,SYS0190,Motor Fault,Medium,2026-05-10 22:24:12,2026-06-20 12:43:00,Open
ALM0025,SYS0131,Emergency Stop,Critical,2026-03-17 20:37:19,2026-03-14 20:15:54,Open
ALM0026,SYS0356,Low Pressure,Low,2026-03-03 19:19:16,2026-05-07 17:16:16,Closed
ALM0027,SYS0059,High Temperature,High,2026-03-23 21:38:30,2026-01-20 08:32:24,Open
ALM0028,SYS0116,High Temperature,Medium,2026-05-17 07:31:19,2026-04-05 06:48:29,Open
ALM0029,SYS0221,Low Pressure,Low,2026-03-20 01:21:47,2026-07-02 21:29:23,Open
ALM0030,SYS0035,Motor Fault,Low,2026-06-28 06:45:35,2026-01-09 14:27:19,Closed
ALM0031,SYS0371,High Temperature,High,2026-01-11 12:51:34,2026-02-11 16:00:33,Open
ALM0032,SYS0223,High Temperature,Low,2026-06-14 00:16:47,2026-03-21 09:03:56,Closed
ALM0033,SYS0109,Motor Fault,High,2026-01-30 03:29:30,2026-07-08 19:18:15,Open
ALM0034,SYS0374,Motor Fault,Critical,2026-06-08 23:03:58,2026-03-16 19:40:14,Closed
ALM0035,SYS0086,High Temperature,Critical,2026-06-11 18:00:27,2026-03-23 12:18:13,Open
ALM0036,SYS0363,High Temperature,High,2026-05-12 14:50:51,2026-04-18 21:13:18,Open
ALM0037,SYS0246,Low Pressure,Low,2026-04-09 17:07:42,2026-04-08 07:15:30,Closed
ALM0038,SYS0312,Low Pressure,Critical,2026-05-11 15:36:44,2026-04-05 03:14:23,Open
ALM0039,SYS0412,Motor Fault,High,2026-07-01 02:17:56,2026-06-11 09:41:23,Closed
ALM0040,SYS0444,High Temperature,Low,2026-05-18 08:00:13,2026-03-25 01:39:47,Open
ALM0041,SYS0087,Emergency Stop,Medium,2026-01-19 01:37:30,2026-02-19 07:57:09,Open
ALM0042,SYS0028,Low Pressure,Medium,2026-02-15 13:30:47,2026-04-09 11:48:36,Closed
ALM0043,SYS0275,Low Pressure,Medium,2026-06-02 03:44:23,2026-07-03 23:44:15,Open
ALM0044,SYS0340,Low Pressure,Low,2026-04-03 23:50:45,2026-05-02 15:06:47,Closed
ALM0045,SYS0046,Motor Fault,High,2026-05-10 11:31:26,2026-02-09 12:18:49,Closed
ALM0046,SYS0143,Low Pressure,Medium,2026-04-01 23:05:30,2026-04-19 18:19:35,Open
ALM0047,SYS0034,Emergency Stop,High,2026-02-13 07:57:25,2026-03-13 20:07:40,Open
ALM0048,SYS0359,High Temperature,Medium,2026-05-20 14:07:45,2026-04-09 11:45:56,Open
ALM0049,SYS0066,High Temperature,Medium,2026-05-18 01:49:57,2026-03-07 23:20:11,Open
ALM0050,SYS0142,Low Pressure,Medium,2026-06-15 22:44:12,2026-02-09 15:50:04,Open
ALM0051,SYS0067,Emergency Stop,Critical,2026-05-14 22:04:14,2026-06-17 22:39:44,Closed
ALM0052,SYS0436,Low Pressure,Low,2026-04-27 17:12:25,2026-05-26 04:50:31,Open
ALM0053,SYS0191,Low Pressure,Low,2026-02-10 13:38:07,2026-05-16 04:54:22,Open
ALM0054,SYS0258,High Temperature,Critical,2026-05-23 00:09:17,2026-04-24 05:55:26,Closed
ALM0055,SYS0454,High Temperature,Critical,2026-03-07 02:25:58,2026-03-11 08:11:52,Closed
ALM0056,SYS0203,Low Pressure,Low,2026-07-12 13:43:09,2026-05-04 05:05:50,Open
ALM0057,SYS0177,Low Pressure,Critical,2026-04-09 15:28:38,2026-03-18 17:24:52,Closed
ALM0058,SYS0236,Motor Fault,Critical,2026-01-01 11:44:34,2026-02-15 06:17:51,Open
ALM0059,SYS0313,Low Pressure,Medium,2026-01-29 07:21:52,2026-04-24 01:55:31,Open
ALM0060,SYS0351,High Temperature,Medium,2026-04-24 05:26:01,2026-03-01 13:28:47,Open
ALM0061,SYS0213,High Temperature,Critical,2026-07-07 09:27:59,2026-03-03 20:45:37,Closed
ALM0062,SYS0194,High Temperature,Medium,2026-02-14 00:32:11,2026-04-30 18:36:12,Open
ALM0063,SYS0062,High Temperature,High,2026-04-04 01:40:13,2026-07-06 21:00:13,Open
ALM0064,SYS0432,Motor Fault,Low,2026-02-13 05:25:25,2026-02-15 23:36:29,Closed
ALM0065,SYS0201,Low Pressure,Medium,2026-02-20 17:37:26,2026-04-15 08:29:40,Open
ALM0066,SYS0411,Low Pressure,Low,2026-06-01 08:40:51,2026-03-07 06:15:35,Closed
ALM0067,SYS0250,High Temperature,Low,2026-04-28 10:28:01,2026-04-20 00:26:34,Closed
ALM0068,SYS0208,Motor Fault,Critical,2026-03-12 10:06:59,2026-03-31 22:25:47,Closed
ALM0069,SYS0236,High Temperature,Critical,2026-05-27 13:02:56,2026-05-05 03:25:52,Open
ALM0070,SYS0359,Emergency Stop,Medium,2026-03-14 23:12:13,2026-01-07 20:16:22,Open
ALM0071,SYS0293,Emergency Stop,High,2026-05-17 08:12:42,2026-01-02 10:25:09,Closed
ALM0072,SYS0031,Motor Fault,High,2026-06-10 05:52:14,2026-01-11 14:22:16,Closed
ALM0073,SYS0154,High Temperature,Critical,2026-07-06 06:23:23,2026-05-13 13:33:28,Closed
ALM0074,SYS0201,Low Pressure,High,2026-03-01 22:07:13,2026-04-06 15:38:57,Open
ALM0075,SYS0368,Low Pressure,Critical,2026-05-13 06:50:09,2026-02-27 21:07:17,Closed
ALM0076,SYS0005,Motor Fault,Critical,2026-06-02 13:34:48,2026-02-02 14:19:08,Open
ALM0077,SYS0233,Low Pressure,Medium,2026-04-19 21:40:04,2026-06-20 01:57:09,Open
ALM0078,SYS0198,Low Pressure,Critical,2026-06-14 22:08:32,2026-01-02 06:55:48,Open
ALM0079,SYS0046,Motor Fault,Medium,2026-05-23 05:37:46,2026-02-18 07:34:50,Closed
ALM0080,SYS0111,Emergency Stop,Medium,2026-07-13 16:11:28,2026-04-09 07:04:08,Closed
ALM0081,SYS0482,Motor Fault,High,2026-01-27 06:20:43,2026-03-17 19:15:36,Open
ALM0082,SYS0052,High Temperature,Critical,2026-03-01 19:12:04,2026-07-05 23:35:36,Open
ALM0083,SYS0379,Emergency Stop,Medium,2026-03-26 00:38:31,2026-04-06 09:56:49,Open
ALM0084,SYS0371,Motor Fault,Low,2026-06-17 18:59:14,2026-02-02 21:04:22,Closed
ALM0085,SYS0135,Low Pressure,Medium,2026-02-06 18:15:56,2026-01-06 03:31:58,Closed
ALM0086,SYS0413,Low Pressure,Medium,2026-06-20 09:12:43,2026-01-19 09:39:28,Closed
ALM0087,SYS0485,Emergency Stop,Medium,2026-03-20 10:01:48,2026-06-01 12:38:44,Closed
ALM0088,SYS0342,High Temperature,High,2026-03-05 22:04:38,2026-02-08 00:58:01,Open
ALM0089,SYS0116,Low Pressure,High,2026-04-11 08:31:20,2026-02-19 21:23:12,Open
ALM0090,SYS0487,High Temperature,Medium,2026-02-21 07:48:00,2026-06-29 15:46:52,Open
ALM0091,SYS0041,Motor Fault,Critical,2026-01-22 09:49:19,2026-01-02 13:33:35,Closed
ALM0092,SYS0015,Motor Fault,High,2026-04-01 17:29:41,2026-05-13 00:36:20,Closed
ALM0093,SYS0443,Emergency Stop,Critical,2026-02-16 09:03:45,2026-06-10 11:08:33,Closed
ALM0094,SYS0256,Motor Fault,Critical,2026-03-06 05:11:09,2026-03-11 22:33:20,Closed
ALM0095,SYS0301,Motor Fault,High,2026-01-15 21:09:54,2026-06-13 10:49:02,Open
ALM0096,SYS0185,Low Pressure,Critical,2026-06-13 08:47:29,2026-03-21 16:45:18,Closed
ALM0097,SYS0289,Emergency Stop,High,2026-02-06 20:17:42,2026-05-06 05:53:47,Closed
ALM0098,SYS0198,Emergency Stop,Low,2026-04-18 21:30:15,2026-02-04 13:42:21,Closed
ALM0099,SYS0107,Motor Fault,Medium,2026-06-27 00:48:45,2026-02-14 15:04:27,Open
ALM0100,SYS0091,Motor Fault,High,2026-01-25 20:16:36,2026-02-04 01:49:20,Closed
ALM0101,SYS0012,High Temperature,High,2026-06-26 14:05:16,2026-03-30 00:27:40,Closed
ALM0102,SYS0261,High Temperature,High,2026-04-18 11:09:11,2026-06-12 19:47:18,Open
ALM0103,SYS0390,Emergency Stop,Medium,2026-01-25 08:30:48,2026-07-01 22:51:45,Closed
ALM0104,SYS0403,Motor Fault,Critical,2026-04-17 07:09:37,2026-04-17 13:41:28,Closed
ALM0105,SYS0155,Emergency Stop,Medium,2026-05-25 02:18:12,2026-01-10 01:17:42,Open
ALM0106,SYS0437,Low Pressure,Low,2026-02-07 07:59:59,2026-02-11 22:55:36,Closed
ALM0107,SYS0446,Motor Fault,Medium,2026-06-13 10:02:41,2026-07-04 00:55:25,Open
ALM0108,SYS0189,High Temperature,High,2026-03-25 15:56:23,2026-02-13 07:06:51,Open
ALM0109,SYS0198,High Temperature,High,2026-01-01 21:39:31,2026-01-06 21:05:04,Open
ALM0110,SYS0342,Motor Fault,Medium,2026-01-29 18:48:35,2026-07-06 05:15:26,Open
ALM0111,SYS0406,Low Pressure,Critical,2026-06-18 08:52:35,2026-01-05 02:12:11,Open
ALM0112,SYS0155,Motor Fault,High,2026-07-01 22:13:24,2026-07-05 20:49:29,Open
ALM0113,SYS0368,High Temperature,Critical,2026-05-13 05:33:32,2026-02-13 22:06:09,Closed
ALM0114,SYS0113,Emergency Stop,Medium,2026-01-30 01:04:57,2026-07-10 05:49:18,Open
ALM0115,SYS0493,High Temperature,Low,2026-04-02 11:16:25,2026-02-13 11:15:05,Open
ALM0116,SYS0254,Motor Fault,Medium,2026-03-23 13:27:47,2026-02-25 14:29:34,Open
ALM0117,SYS0478,High Temperature,Low,2026-05-09 14:36:31,2026-05-02 11:27:07,Closed
ALM0118,SYS0374,Emergency Stop,Low,2026-02-25 15:42:56,2026-01-27 22:01:25,Closed
ALM0119,SYS0163,Low Pressure,Medium,2026-02-09 08:07:53,2026-01-23 03:50:18,Closed
ALM0120,SYS0418,Motor Fault,Medium,2026-02-01 08:11:09,2026-01-31 22:17:23,Closed
ALM0121,SYS0456,Emergency Stop,High,2026-06-04 05:29:31,2026-02-19 14:50:59,Closed
ALM0122,SYS0433,Emergency Stop,Low,2026-05-10 03:58:09,2026-02-13 20:50:20,Open
ALM0123,SYS0255,Low Pressure,Medium,2026-03-31 22:36:11,2026-06-19 22:28:57,Open
ALM0124,SYS0355,Emergency Stop,High,2026-03-02 14:27:15,2026-07-08 05:37:22,Open
ALM0125,SYS0114,Emergency Stop,Critical,2026-01-06 08:14:20,2026-04-16 06:36:50,Closed
ALM0126,SYS0068,Emergency Stop,Critical,2026-06-27 02:10:53,2026-03-27 00:42:15,Closed
ALM0127,SYS0209,Low Pressure,Medium,2026-05-03 03:52:52,2026-01-18 16:20:38,Closed
ALM0128,SYS0002,High Temperature,High,2026-03-08 03:32:51,2026-04-25 04:49:46,Open
ALM0129,SYS0331,High Temperature,High,2026-02-16 10:20:37,2026-01-11 15:12:29,Open
ALM0130,SYS0417,Emergency Stop,Low,2026-01-17 12:49:50,2026-03-03 21:23:19,Open
ALM0131,SYS0475,Motor Fault,High,2026-07-10 13:02:05,2026-02-02 06:50:27,Open
ALM0132,SYS0019,High Temperature,Medium,2026-07-14 02:21:01,2026-01-29 07:11:31,Closed
ALM0133,SYS0439,Low Pressure,Medium,2026-01-08 13:51:43,2026-03-19 10:09:55,Open
ALM0134,SYS0159,Low Pressure,High,2026-06-01 17:03:43,2026-04-27 10:14:20,Closed
ALM0135,SYS0340,Low Pressure,Low,2026-03-07 10:00:07,2026-04-04 02:31:40,Closed
ALM0136,SYS0014,Motor Fault,Medium,2026-03-13 17:54:45,2026-06-26 06:00:32,Open
ALM0137,SYS0394,Low Pressure,Critical,2026-06-16 08:26:16,2026-07-12 18:22:18,Open
ALM0138,SYS0254,Low Pressure,Low,2026-04-29 05:05:01,2026-02-17 14:48:15,Open
ALM0139,SYS0063,Low Pressure,Critical,2026-03-23 07:03:57,2026-05-03 10:58:10,Closed
ALM0140,SYS0180,Low Pressure,Critical,2026-06-21 11:59:21,2026-04-10 17:33:19,Open
ALM0141,SYS0465,High Temperature,Medium,2026-07-14 01:19:47,2026-02-11 01:19:13,Closed
ALM0142,SYS0402,Low Pressure,High,2026-03-08 14:30:02,2026-04-18 11:55:33,Open
ALM0143,SYS0369,Motor Fault,High,2026-02-20 14:41:46,2026-05-27 04:00:16,Open
ALM0144,SYS0466,Low Pressure,Medium,2026-05-23 14:07:02,2026-04-19 19:14:12,Open
ALM0145,SYS0078,Emergency Stop,Medium,2026-05-15 12:55:24,2026-02-18 10:36:15,Open
ALM0146,SYS0458,Low Pressure,Low,2026-03-01 01:13:40,2026-01-20 10:34:40,Closed
ALM0147,SYS0187,Emergency Stop,Medium,2026-05-28 11:00:35,2026-06-23 20:41:30,Closed
ALM0148,SYS0116,Low Pressure,Medium,2026-03-07 18:11:04,2026-02-15 23:38:56,Closed
ALM0149,SYS0219,High Temperature,High,2026-03-17 09:44:50,2026-04-28 08:06:45,Open
ALM0150,SYS0241,Emergency Stop,Low,2026-02-26 04:12:57,2026-06-12 10:23:18,Open
ALM0151,SYS0283,Emergency Stop,Low,2026-06-17 11:52:13,2026-01-29 15:51:12,Open
ALM0152,SYS0200,Emergency Stop,Low,2026-05-26 12:10:57,2026-06-10 22:42:19,Open
ALM0153,SYS0425,Low Pressure,Critical,2026-05-23 13:58:35,2026-07-13 12:18:19,Open
ALM0154,SYS0051,High Temperature,Critical,2026-01-25 08:24:32,2026-02-12 16:51:31,Open
ALM0155,SYS0080,Emergency Stop,Low,2026-05-22 11:57:31,2026-04-28 09:40:47,Closed
ALM0156,SYS0331,Low Pressure,Medium,2026-01-21 02:50:11,2026-03-05 12:11:13,Open
ALM0157,SYS0494,Emergency Stop,Critical,2026-04-12 18:09:57,2026-04-05 07:36:50,Closed
ALM0158,SYS0274,Motor Fault,Critical,2026-05-30 00:42:32,2026-05-11 21:30:08,Closed
ALM0159,SYS0103,Motor Fault,Critical,2026-03-22 08:38:25,2026-06-17 01:25:22,Closed
ALM0160,SYS0068,Low Pressure,Medium,2026-06-05 12:46:32,2026-02-24 21:26:37,Open
ALM0161,SYS0354,Low Pressure,Medium,2026-05-18 02:47:02,2026-05-23 00:02:28,Open
ALM0162,SYS0471,High Temperature,Low,2026-02-20 08:21:46,2026-05-02 11:46:18,Closed
ALM0163,SYS0130,Low Pressure,High,2026-01-13 05:06:01,2026-05-25 23:12:39,Open
ALM0164,SYS0368,Low Pressure,Medium,2026-06-03 23:54:58,2026-02-16 23:47:40,Closed
ALM0165,SYS0208,High Temperature,Critical,2026-02-28 19:21:51,2026-06-26 02:40:46,Open
ALM0166,SYS0421,Motor Fault,Medium,2026-07-03 23:10:29,2026-02-26 03:45:26,Closed
ALM0167,SYS0336,High Temperature,Critical,2026-04-20 22:18:47,2026-04-13 22:00:01,Open
ALM0168,SYS0427,Emergency Stop,Medium,2026-03-28 00:40:55,2026-07-09 07:39:17,Open
ALM0169,SYS0438,High Temperature,Low,2026-04-02 05:03:23,2026-02-05 23:58:58,Closed
ALM0170,SYS0204,Emergency Stop,High,2026-04-11 23:44:06,2026-03-18 07:09:08,Open
ALM0171,SYS0424,Low Pressure,Low,2026-07-01 08:27:21,2026-06-05 04:26:56,Closed
ALM0172,SYS0343,Motor Fault,Medium,2026-01-27 14:13:01,2026-03-28 03:12:11,Closed
ALM0173,SYS0396,High Temperature,High,2026-05-19 13:30:17,2026-05-29 21:27:41,Open
ALM0174,SYS0007,High Temperature,Medium,2026-05-14 13:35:21,2026-05-03 02:38:17,Closed
ALM0175,SYS0090,Emergency Stop,Low,2026-03-03 20:26:31,2026-03-19 10:34:35,Closed
ALM0176,SYS0340,Emergency Stop,Medium,2026-04-17 00:22:15,2026-05-22 10:53:18,Closed
ALM0177,SYS0337,Motor Fault,Critical,2026-04-19 04:19:28,2026-04-03 23:04:16,Open
ALM0178,SYS0161,Motor Fault,Critical,2026-03-17 15:24:18,2026-04-12 19:32:40,Open
ALM0179,SYS0186,Motor Fault,High,2026-04-03 23:18:24,2026-07-04 01:05:49,Open
ALM0180,SYS0410,Low Pressure,Low,2026-03-05 00:01:20,2026-05-18 02:10:26,Closed
ALM0181,SYS0045,Emergency Stop,High,2026-02-14 19:28:18,2026-05-23 09:32:26,Open
ALM0182,SYS0040,Motor Fault,High,2026-04-07 16:41:19,2026-04-04 00:23:36,Closed
ALM0183,SYS0140,High Temperature,Low,2026-07-13 00:44:17,2026-03-26 21:00:02,Closed
ALM0184,SYS0304,Low Pressure,High,2026-01-17 05:45:54,2026-05-18 09:12:51,Closed
ALM0185,SYS0281,Emergency Stop,High,2026-02-03 04:33:30,2026-01-16 02:24:38,Open
ALM0186,SYS0031,Emergency Stop,Low,2026-05-10 18:59:26,2026-02-17 02:20:18,Open
ALM0187,SYS0010,Motor Fault,Medium,2026-02-05 11:35:20,2026-05-30 21:40:15,Closed
ALM0188,SYS0500,Low Pressure,Low,2026-02-14 23:34:08,2026-02-27 11:16:28,Open
ALM0189,SYS0319,Emergency Stop,Low,2026-03-24 04:50:59,2026-06-15 06:51:53,Open
ALM0190,SYS0374,High Temperature,Medium,2026-02-25 18:09:13,2026-01-27 15:46:25,Closed
ALM0191,SYS0038,Low Pressure,Medium,2026-06-18 04:40:33,2026-06-28 21:47:17,Closed
ALM0192,SYS0464,Emergency Stop,Critical,2026-02-11 12:47:07,2026-04-20 16:49:29,Closed
ALM0193,SYS0208,High Temperature,Critical,2026-01-25 15:44:49,2026-03-20 13:47:00,Open
ALM0194,SYS0038,Low Pressure,Critical,2026-03-11 09:52:11,2026-01-29 10:51:03,Closed
ALM0195,SYS0458,Emergency Stop,Medium,2026-07-11 04:58:26,2026-02-12 01:10:47,Open
ALM0196,SYS0409,Low Pressure,Medium,2026-02-24 02:23:06,2026-04-23 16:39:47,Closed
ALM0197,SYS0334,Emergency Stop,Low,2026-01-02 15:21:52,2026-05-11 18:13:14,Closed
ALM0198,SYS0492,Motor Fault,Critical,2026-07-10 18:26:36,2026-06-27 16:10:21,Closed
ALM0199,SYS0181,Low Pressure,Medium,2026-06-26 16:23:55,2026-07-13 03:05:31,Closed
ALM0200,SYS0104,High Temperature,Low,2026-01-02 01:47:03,2026-01-24 07:45:18,Closed
ALM0201,SYS0169,Motor Fault,Medium,2026-06-27 13:22:04,2026-03-11 07:46:31,Open
ALM0202,SYS0489,Motor Fault,Medium,2026-03-22 18:32:45,2026-04-21 07:01:12,Open
ALM0203,SYS0064,Low Pressure,Low,2026-04-20 07:27:38,2026-06-20 13:20:28,Open
ALM0204,SYS0062,High Temperature,High,2026-04-24 15:08:05,2026-03-06 14:02:15,Open
ALM0205,SYS0397,Motor Fault,Critical,2026-02-16 13:26:54,2026-04-06 17:37:24,Closed
ALM0206,SYS0140,Motor Fault,Critical,2026-03-19 18:03:33,2026-03-23 15:12:30,Closed
ALM0207,SYS0246,High Temperature,Low,2026-07-12 05:26:34,2026-06-10 15:29:36,Open
ALM0208,SYS0072,Emergency Stop,Critical,2026-02-25 15:09:50,2026-02-08 13:02:13,Closed
ALM0209,SYS0157,Motor Fault,Critical,2026-01-14 14:22:46,2026-02-19 01:00:11,Closed
ALM0210,SYS0206,Motor Fault,Critical,2026-06-07 11:40:16,2026-02-07 01:43:33,Closed
ALM0211,SYS0473,Motor Fault,Low,2026-07-06 14:27:15,2026-01-12 04:15:55,Closed
ALM0212,SYS0418,Low Pressure,Critical,2026-04-11 01:34:31,2026-05-07 00:57:02,Closed
ALM0213,SYS0219,High Temperature,High,2026-04-07 03:39:08,2026-04-17 09:20:38,Closed
ALM0214,SYS0017,High Temperature,Critical,2026-04-21 11:58:57,2026-06-13 17:15:22,Open
ALM0215,SYS0181,Motor Fault,Medium,2026-06-26 14:10:30,2026-05-01 18:31:35,Closed
ALM0216,SYS0102,High Temperature,Critical,2026-05-25 11:30:27,2026-05-06 09:28:37,Closed
ALM0217,SYS0290,Emergency Stop,Medium,2026-04-28 08:55:35,2026-01-22 16:51:22,Closed
ALM0218,SYS0226,High Temperature,Low,2026-01-02 08:13:05,2026-01-05 14:01:41,Closed
ALM0219,SYS0071,Emergency Stop,Medium,2026-01-08 11:24:29,2026-03-06 08:26:52,Closed
ALM0220,SYS0106,High Temperature,High,2026-07-03 08:49:21,2026-04-15 05:22:34,Closed
ALM0221,SYS0369,High Temperature,Medium,2026-03-14 02:30:38,2026-05-14 20:08:58,Closed
ALM0222,SYS0180,High Temperature,Medium,2026-04-24 19:28:32,2026-02-16 12:27:44,Open
ALM0223,SYS0237,Emergency Stop,Medium,2026-01-13 04:08:13,2026-06-21 00:01:22,Closed
ALM0224,SYS0154,Low Pressure,Low,2026-02-06 20:03:02,2026-06-26 21:50:59,Closed
ALM0225,SYS0315,Motor Fault,High,2026-06-01 05:51:54,2026-06-27 15:06:50,Closed
ALM0226,SYS0179,Motor Fault,Critical,2026-01-16 22:47:13,2026-05-07 05:18:18,Closed
ALM0227,SYS0127,Motor Fault,High,2026-03-31 17:48:29,2026-04-04 23:58:33,Closed
ALM0228,SYS0448,Motor Fault,Medium,2026-05-20 22:06:24,2026-06-24 09:39:35,Closed
ALM0229,SYS0364,Motor Fault,Low,2026-04-24 04:27:59,2026-06-13 09:24:55,Closed
ALM0230,SYS0314,High Temperature,Critical,2026-06-25 17:08:36,2026-02-03 12:01:41,Open
ALM0231,SYS0386,Low Pressure,High,2026-05-09 20:19:58,2026-05-21 07:11:54,Closed
ALM0232,SYS0297,Emergency Stop,High,2026-04-03 09:35:50,2026-03-26 15:26:05,Open
ALM0233,SYS0295,Motor Fault,Critical,2026-01-07 23:28:00,2026-03-31 01:21:08,Closed
ALM0234,SYS0009,Low Pressure,Medium,2026-02-12 06:29:21,2026-02-05 07:36:50,Open
ALM0235,SYS0025,Motor Fault,Critical,2026-06-05 11:14:56,2026-02-07 01:36:33,Open
ALM0236,SYS0310,Emergency Stop,Medium,2026-07-03 13:00:16,2026-04-10 10:49:41,Closed
ALM0237,SYS0052,Low Pressure,Medium,2026-06-12 10:25:05,2026-04-23 23:46:56,Open
ALM0238,SYS0496,High Temperature,Critical,2026-02-17 17:33:32,2026-06-13 22:40:52,Open
ALM0239,SYS0032,Low Pressure,Low,2026-01-09 23:52:51,2026-06-02 02:52:00,Closed
ALM0240,SYS0390,High Temperature,Critical,2026-06-09 22:27:23,2026-01-15 22:49:51,Closed
ALM0241,SYS0155,Motor Fault,Medium,2026-04-11 18:37:32,2026-02-03 12:32:54,Closed
ALM0242,SYS0323,Emergency Stop,High,2026-06-03 06:51:17,2026-06-13 22:55:54,Closed
ALM0243,SYS0242,Low Pressure,Medium,2026-04-08 03:47:26,2026-04-18 09:07:25,Open
ALM0244,SYS0126,High Temperature,Low,2026-01-05 09:50:54,2026-03-11 16:25:46,Closed
ALM0245,SYS0143,Emergency Stop,High,2026-04-12 23:25:11,2026-04-26 02:02:04,Closed
ALM0246,SYS0476,High Temperature,Medium,2026-05-10 12:37:18,2026-03-22 19:39:00,Open
ALM0247,SYS0291,High Temperature,Low,2026-02-27 23:42:39,2026-01-16 08:42:09,Open
ALM0248,SYS0460,Motor Fault,Low,2026-05-21 20:07:25,2026-04-15 10:43:01,Open
ALM0249,SYS0399,High Temperature,Medium,2026-02-22 10:33:12,2026-01-19 02:18:09,Closed
ALM0250,SYS0171,Emergency Stop,High,2026-03-25 21:44:54,2026-05-24 19:38:08,Closed
ALM0251,SYS0098,Motor Fault,High,2026-05-25 15:02:06,2026-04-13 23:03:10,Closed
ALM0252,SYS0494,High Temperature,Critical,2026-02-14 23:34:51,2026-05-28 22:44:43,Open
ALM0253,SYS0473,Low Pressure,Low,2026-06-14 20:18:48,2026-03-27 18:59:27,Closed
ALM0254,SYS0362,Motor Fault,High,2026-05-16 09:10:22,2026-07-10 00:48:11,Open
ALM0255,SYS0133,Motor Fault,Critical,2026-03-24 18:21:04,2026-05-12 12:25:48,Closed
ALM0256,SYS0114,High Temperature,Low,2026-07-09 23:52:15,2026-01-18 02:13:01,Open
ALM0257,SYS0479,Motor Fault,Low,2026-01-02 20:10:19,2026-06-28 11:42:11,Open
ALM0258,SYS0152,Low Pressure,Medium,2026-03-18 01:42:48,2026-01-10 13:42:06,Closed
ALM0259,SYS0081,Low Pressure,Low,2026-03-21 13:43:22,2026-06-15 11:58:01,Open
ALM0260,SYS0100,Motor Fault,Critical,2026-07-02 03:20:44,2026-06-02 08:05:37,Closed
ALM0261,SYS0094,Motor Fault,Critical,2026-06-24 22:43:47,2026-05-09 08:09:06,Open
ALM0262,SYS0336,High Temperature,Low,2026-06-17 20:15:52,2026-02-26 07:55:45,Closed
ALM0263,SYS0119,Emergency Stop,Critical,2026-01-26 04:20:49,2026-02-17 06:51:29,Closed
ALM0264,SYS0401,High Temperature,Low,2026-01-13 21:10:38,2026-02-12 16:39:07,Closed
ALM0265,SYS0364,Low Pressure,High,2026-01-10 17:11:22,2026-06-17 19:40:06,Closed
ALM0266,SYS0386,High Temperature,Medium,2026-01-06 06:42:55,2026-06-02 22:31:09,Open
ALM0267,SYS0332,Emergency Stop,Critical,2026-02-17 04:46:01,2026-03-19 21:09:20,Closed
ALM0268,SYS0033,Emergency Stop,High,2026-05-02 12:43:58,2026-04-10 06:32:53,Open
ALM0269,SYS0020,Motor Fault,Medium,2026-05-19 18:51:14,2026-06-18 17:52:43,Closed
ALM0270,SYS0030,Low Pressure,Medium,2026-05-03 12:42:42,2026-03-13 22:56:54,Closed
ALM0271,SYS0485,High Temperature,Medium,2026-06-29 09:42:07,2026-07-01 09:21:46,Open
ALM0272,SYS0418,Motor Fault,Critical,2026-06-13 12:33:20,2026-01-08 20:12:31,Closed
ALM0273,SYS0174,Low Pressure,Critical,2026-03-06 23:42:34,2026-02-23 22:15:56,Closed
ALM0274,SYS0374,Low Pressure,Medium,2026-04-30 03:07:12,2026-03-15 07:08:13,Open
ALM0275,SYS0069,Low Pressure,Medium,2026-05-30 19:42:18,2026-02-26 19:58:51,Open
ALM0276,SYS0070,High Temperature,Medium,2026-07-06 09:37:07,2026-04-03 17:36:24,Closed
ALM0277,SYS0206,High Temperature,Medium,2026-02-21 08:06:29,2026-05-27 15:24:23,Open
ALM0278,SYS0450,High Temperature,Medium,2026-05-12 05:54:44,2026-03-11 21:48:56,Open
ALM0279,SYS0113,Low Pressure,High,2026-01-15 05:24:31,2026-02-04 23:22:19,Closed
ALM0280,SYS0240,Emergency Stop,Low,2026-01-17 21:04:13,2026-04-28 08:00:21,Open
ALM0281,SYS0344,Emergency Stop,Critical,2026-06-03 19:38:01,2026-06-17 15:39:21,Closed
ALM0282,SYS0478,High Temperature,Critical,2026-07-13 03:48:04,2026-02-26 04:22:45,Closed
ALM0283,SYS0073,Emergency Stop,High,2026-04-15 13:11:15,2026-02-25 19:53:54,Closed
ALM0284,SYS0128,High Temperature,Medium,2026-01-20 20:18:41,2026-05-04 13:05:03,Closed
ALM0285,SYS0329,Motor Fault,Medium,2026-06-17 10:50:42,2026-03-29 15:29:36,Open
ALM0286,SYS0041,Low Pressure,Medium,2026-03-11 04:45:11,2026-04-06 15:41:21,Closed
ALM0287,SYS0418,Emergency Stop,Medium,2026-06-26 19:14:15,2026-01-04 22:58:28,Open
ALM0288,SYS0015,Low Pressure,High,2026-03-10 04:31:56,2026-04-10 09:10:25,Open
ALM0289,SYS0024,Low Pressure,High,2026-05-31 19:34:26,2026-02-12 16:21:36,Closed
ALM0290,SYS0035,High Temperature,Low,2026-05-15 06:13:01,2026-03-07 22:53:10,Closed
ALM0291,SYS0368,Low Pressure,Medium,2026-02-13 20:24:59,2026-01-05 02:43:17,Open
ALM0292,SYS0150,High Temperature,High,2026-05-09 18:50:17,2026-01-29 09:39:21,Open
ALM0293,SYS0225,Emergency Stop,High,2026-03-31 06:56:38,2026-07-05 18:21:55,Closed
ALM0294,SYS0374,High Temperature,Critical,2026-01-15 06:27:06,2026-06-01 14:31:23,Closed
ALM0295,SYS0165,Motor Fault,Critical,2026-07-02 23:19:13,2026-01-03 10:19:44,Open
ALM0296,SYS0319,Low Pressure,High,2026-04-04 05:48:02,2026-05-09 06:14:41,Open
ALM0297,SYS0198,Motor Fault,Medium,2026-05-20 06:52:18,2026-07-04 10:15:25,Closed
ALM0298,SYS0079,Emergency Stop,Medium,2026-04-06 19:48:24,2026-02-13 21:21:38,Closed
ALM0299,SYS0259,High Temperature,Medium,2026-02-07 18:01:02,2026-01-26 05:06:08,Open
ALM0300,SYS0163,High Temperature,High,2026-03-14 16:26:36,2026-07-05 10:14:12,Closed
ALM0301,SYS0202,Motor Fault,High,2026-04-28 16:43:48,2026-03-11 00:27:31,Open
ALM0302,SYS0485,Low Pressure,Critical,2026-06-06 01:10:18,2026-05-22 12:53:11,Open
ALM0303,SYS0322,Low Pressure,Critical,2026-01-14 10:09:34,2026-05-12 16:29:58,Open
ALM0304,SYS0407,Low Pressure,Low,2026-06-05 21:24:16,2026-05-28 13:03:44,Open
ALM0305,SYS0044,High Temperature,Low,2026-06-10 10:53:42,2026-02-13 18:53:56,Open
ALM0306,SYS0272,Emergency Stop,Low,2026-02-11 09:15:33,2026-04-12 12:49:21,Open
ALM0307,SYS0357,Motor Fault,Critical,2026-06-02 20:11:06,2026-03-11 19:04:16,Open
ALM0308,SYS0343,High Temperature,Critical,2026-03-08 23:57:05,2026-06-12 21:42:27,Open
ALM0309,SYS0442,Emergency Stop,High,2026-01-21 14:32:58,2026-06-05 01:34:11,Open
ALM0310,SYS0409,Low Pressure,Medium,2026-06-11 01:49:32,2026-07-10 01:16:53,Closed
ALM0311,SYS0054,Motor Fault,High,2026-01-09 13:29:36,2026-03-02 21:24:48,Open
ALM0312,SYS0307,Motor Fault,Low,2026-03-10 19:16:14,2026-03-28 11:32:17,Closed
ALM0313,SYS0053,Low Pressure,Medium,2026-06-22 21:31:58,2026-03-20 04:46:43,Open
ALM0314,SYS0464,Emergency Stop,Critical,2026-07-12 16:56:11,2026-07-02 14:48:09,Closed
ALM0315,SYS0128,Low Pressure,Critical,2026-02-22 14:38:27,2026-04-18 23:43:54,Open
ALM0316,SYS0084,High Temperature,High,2026-06-25 06:38:22,2026-05-12 04:03:14,Closed
ALM0317,SYS0077,Low Pressure,Low,2026-05-12 10:01:17,2026-05-08 08:51:02,Closed
ALM0318,SYS0091,Emergency Stop,High,2026-03-03 17:27:45,2026-02-14 00:52:30,Closed
ALM0319,SYS0303,Emergency Stop,Medium,2026-05-12 08:20:08,2026-04-04 02:27:52,Open
ALM0320,SYS0379,High Temperature,Medium,2026-03-26 08:00:19,2026-02-02 14:13:28,Open
ALM0321,SYS0500,Motor Fault,High,2026-07-11 12:58:31,2026-02-08 01:06:14,Closed
ALM0322,SYS0227,High Temperature,High,2026-06-24 15:00:50,2026-06-29 20:16:22,Closed
ALM0323,SYS0261,Motor Fault,Low,2026-01-03 02:47:22,2026-04-24 19:55:57,Closed
ALM0324,SYS0238,High Temperature,Medium,2026-01-30 16:12:02,2026-03-13 12:34:12,Open
ALM0325,SYS0441,Motor Fault,Critical,2026-02-21 00:20:48,2026-01-31 03:09:58,Closed
ALM0326,SYS0037,Motor Fault,Medium,2026-03-29 13:50:52,2026-06-05 06:46:58,Closed
ALM0327,SYS0255,Motor Fault,Medium,2026-04-17 15:29:57,2026-06-28 14:20:36,Closed
ALM0328,SYS0219,Low Pressure,Medium,2026-04-30 00:11:18,2026-02-23 13:33:48,Closed
ALM0329,SYS0213,Low Pressure,High,2026-07-14 06:30:55,2026-06-14 17:11:42,Open
ALM0330,SYS0232,Emergency Stop,Critical,2026-01-26 09:36:18,2026-03-01 23:09:01,Closed
ALM0331,SYS0407,Low Pressure,Medium,2026-02-07 16:04:58,2026-06-14 05:41:56,Closed
ALM0332,SYS0291,Low Pressure,Low,2026-04-22 09:15:00,2026-02-10 07:05:28,Closed
ALM0333,SYS0042,Emergency Stop,High,2026-05-24 18:37:18,2026-07-04 22:07:47,Open
ALM0334,SYS0073,Low Pressure,Low,2026-04-29 21:47:30,2026-06-26 05:19:52,Closed
ALM0335,SYS0294,Low Pressure,Medium,2026-04-29 10:55:43,2026-07-06 04:53:51,Closed
ALM0336,SYS0060,High Temperature,High,2026-04-09 23:32:11,2026-04-06 04:43:21,Closed
ALM0337,SYS0112,High Temperature,Medium,2026-04-29 11:46:49,2026-02-23 04:59:06,Closed
ALM0338,SYS0162,Emergency Stop,Medium,2026-03-14 01:11:41,2026-01-16 06:58:26,Closed
ALM0339,SYS0126,Emergency Stop,Medium,2026-02-07 01:15:36,2026-03-15 14:58:53,Closed
ALM0340,SYS0089,Motor Fault,Medium,2026-02-07 23:36:12,2026-06-11 12:38:49,Open
ALM0341,SYS0221,Emergency Stop,Low,2026-02-04 01:09:19,2026-07-13 17:59:01,Closed
ALM0342,SYS0340,Motor Fault,Low,2026-06-12 16:55:11,2026-02-18 21:40:09,Closed
ALM0343,SYS0050,Low Pressure,Medium,2026-06-22 12:21:11,2026-01-01 16:42:38,Open
ALM0344,SYS0115,High Temperature,Low,2026-06-14 13:15:28,2026-01-17 13:00:47,Closed
ALM0345,SYS0294,Low Pressure,Medium,2026-04-23 14:27:14,2026-07-13 11:08:55,Open
ALM0346,SYS0420,High Temperature,Medium,2026-06-23 10:58:06,2026-05-26 10:07:44,Open
ALM0347,SYS0049,Low Pressure,Low,2026-01-16 14:05:32,2026-05-08 23:06:05,Closed
ALM0348,SYS0384,Motor Fault,Low,2026-02-20 15:00:51,2026-04-13 02:20:49,Closed
ALM0349,SYS0276,Low Pressure,Critical,2026-02-05 07:24:10,2026-07-09 20:17:58,Closed
ALM0350,SYS0275,Emergency Stop,Critical,2026-07-03 15:44:55,2026-06-04 02:23:20,Closed
ALM0351,SYS0458,High Temperature,Low,2026-05-29 06:41:01,2026-06-09 04:38:24,Open
ALM0352,SYS0272,Motor Fault,High,2026-02-24 18:29:56,2026-03-13 02:28:53,Open
ALM0353,SYS0200,Motor Fault,High,2026-06-05 10:09:33,2026-01-09 19:55:01,Open
ALM0354,SYS0429,High Temperature,Low,2026-02-22 00:42:11,2026-04-20 09:31:21,Closed
ALM0355,SYS0091,Emergency Stop,Critical,2026-01-30 14:53:59,2026-02-14 15:54:48,Closed
ALM0356,SYS0126,Motor Fault,High,2026-05-01 17:03:50,2026-04-06 05:55:37,Closed
ALM0357,SYS0327,Emergency Stop,High,2026-01-24 21:39:37,2026-04-21 14:36:13,Closed
ALM0358,SYS0384,Motor Fault,Low,2026-05-01 02:16:25,2026-06-20 15:35:15,Closed
ALM0359,SYS0371,Low Pressure,Medium,2026-02-15 12:02:07,2026-01-16 00:17:39,Closed
ALM0360,SYS0338,Low Pressure,Low,2026-02-05 17:22:00,2026-01-16 21:57:41,Open
ALM0361,SYS0367,Emergency Stop,Medium,2026-02-08 14:28:09,2026-03-15 14:00:31,Open
ALM0362,SYS0039,Low Pressure,Medium,2026-01-30 20:29:13,2026-04-26 00:26:32,Open
ALM0363,SYS0157,High Temperature,Low,2026-06-24 18:29:00,2026-04-22 10:38:28,Closed
ALM0364,SYS0084,Motor Fault,Medium,2026-03-19 19:21:48,2026-05-18 10:44:05,Open
ALM0365,SYS0145,Emergency Stop,Low,2026-02-22 21:57:28,2026-05-25 23:42:10,Open
ALM0366,SYS0242,Emergency Stop,Medium,2026-04-23 02:05:41,2026-03-17 10:55:01,Closed
ALM0367,SYS0302,Motor Fault,Low,2026-05-29 01:52:29,2026-05-27 18:35:00,Open
ALM0368,SYS0264,Low Pressure,Low,2026-04-03 17:35:11,2026-02-25 20:18:25,Open
ALM0369,SYS0030,Low Pressure,Critical,2026-03-31 16:02:37,2026-06-20 01:05:41,Closed
ALM0370,SYS0210,High Temperature,Medium,2026-02-06 01:03:02,2026-01-21 10:39:45,Open
ALM0371,SYS0032,High Temperature,High,2026-04-17 13:45:58,2026-04-28 15:30:28,Open
ALM0372,SYS0383,Low Pressure,High,2026-01-22 05:14:57,2026-03-03 14:17:01,Open
ALM0373,SYS0279,Emergency Stop,Medium,2026-07-13 04:15:41,2026-05-20 22:38:05,Open
ALM0374,SYS0002,Motor Fault,Low,2026-01-22 17:46:46,2026-06-11 10:16:29,Closed
ALM0375,SYS0415,Low Pressure,High,2026-05-16 16:53:09,2026-03-15 18:03:14,Open
ALM0376,SYS0454,Low Pressure,Low,2026-06-26 06:51:20,2026-03-02 14:41:57,Closed
ALM0377,SYS0284,Low Pressure,Critical,2026-05-29 05:06:11,2026-05-12 12:15:25,Open
ALM0378,SYS0338,High Temperature,Low,2026-02-13 00:40:05,2026-05-10 22:19:41,Closed
ALM0379,SYS0204,Emergency Stop,Medium,2026-03-31 17:34:17,2026-03-27 00:30:57,Closed
ALM0380,SYS0388,Emergency Stop,Medium,2026-04-23 04:50:20,2026-05-06 23:27:46,Open
ALM0381,SYS0091,Low Pressure,Critical,2026-04-26 22:36:49,2026-01-30 09:01:57,Open
ALM0382,SYS0110,Emergency Stop,Critical,2026-07-04 13:17:08,2026-06-06 15:20:03,Open
ALM0383,SYS0259,Motor Fault,Low,2026-01-06 09:45:48,2026-05-24 13:01:35,Closed
ALM0384,SYS0091,Emergency Stop,Critical,2026-02-20 18:07:56,2026-05-11 04:54:38,Open
ALM0385,SYS0127,Emergency Stop,High,2026-04-10 13:24:03,2026-06-11 13:45:18,Open
ALM0386,SYS0001,High Temperature,Medium,2026-04-02 10:29:03,2026-02-25 16:29:47,Open
ALM0387,SYS0340,Low Pressure,Medium,2026-04-11 17:31:31,2026-02-21 19:53:38,Open
ALM0388,SYS0368,Low Pressure,Low,2026-07-13 00:22:21,2026-05-02 19:25:08,Open
ALM0389,SYS0179,Low Pressure,Critical,2026-01-30 07:03:44,2026-07-13 01:55:24,Open
ALM0390,SYS0271,Emergency Stop,High,2026-02-24 14:12:13,2026-01-03 06:22:40,Open
ALM0391,SYS0208,Emergency Stop,Critical,2026-01-22 16:45:26,2026-03-22 03:24:54,Closed
ALM0392,SYS0049,High Temperature,Critical,2026-03-06 02:43:56,2026-02-10 16:01:12,Closed
ALM0393,SYS0423,Low Pressure,Low,2026-04-03 08:42:55,2026-04-06 00:37:01,Open
ALM0394,SYS0439,Motor Fault,Medium,2026-01-25 11:12:57,2026-02-06 05:13:23,Open
ALM0395,SYS0319,Low Pressure,Critical,2026-05-17 15:44:23,2026-02-27 21:15:28,Closed
ALM0396,SYS0490,Emergency Stop,Low,2026-05-13 15:20:19,2026-02-10 16:11:12,Closed
ALM0397,SYS0471,High Temperature,High,2026-06-20 15:23:10,2026-06-22 09:08:16,Closed
ALM0398,SYS0297,Low Pressure,High,2026-03-29 12:48:05,2026-03-30 09:37:13,Closed
ALM0399,SYS0339,Emergency Stop,Medium,2026-04-25 16:04:45,2026-04-03 19:41:03,Open
ALM0400,SYS0367,Low Pressure,Critical,2026-02-19 10:32:09,2026-06-13 13:54:49,Closed
ALM0401,SYS0189,Emergency Stop,Critical,2026-07-14 12:41:35,2026-04-25 15:44:55,Open
ALM0402,SYS0314,Motor Fault,Low,2026-01-05 22:04:00,2026-04-11 03:55:34,Open
ALM0403,SYS0166,Emergency Stop,Medium,2026-01-04 17:16:05,2026-01-18 19:45:18,Closed
ALM0404,SYS0316,Low Pressure,High,2026-01-28 23:00:32,2026-07-14 00:57:16,Closed
ALM0405,SYS0115,Motor Fault,Critical,2026-02-19 04:43:58,2026-01-12 04:22:06,Open
ALM0406,SYS0392,Emergency Stop,High,2026-04-09 01:26:12,2026-03-20 04:57:05,Open
ALM0407,SYS0297,High Temperature,Critical,2026-01-31 10:10:49,2026-01-10 16:49:27,Closed
ALM0408,SYS0322,Emergency Stop,Medium,2026-01-07 23:35:39,2026-04-02 04:58:53,Closed
ALM0409,SYS0217,Motor Fault,Low,2026-05-14 08:08:01,2026-06-21 07:15:21,Closed
ALM0410,SYS0294,Emergency Stop,Critical,2026-01-21 15:43:23,2026-02-02 19:35:13,Open
ALM0411,SYS0288,High Temperature,Critical,2026-01-22 10:39:27,2026-06-07 17:06:54,Closed
ALM0412,SYS0352,Emergency Stop,High,2026-06-15 22:26:43,2026-02-15 06:07:41,Closed
ALM0413,SYS0352,Motor Fault,Critical,2026-03-13 13:30:49,2026-04-13 17:30:42,Closed
ALM0414,SYS0039,Low Pressure,High,2026-01-04 23:39:24,2026-04-19 09:09:42,Open
ALM0415,SYS0211,Emergency Stop,Medium,2026-06-14 08:20:16,2026-06-11 06:39:34,Closed
ALM0416,SYS0430,Emergency Stop,High,2026-03-08 15:11:54,2026-02-03 16:54:35,Open
ALM0417,SYS0205,High Temperature,Critical,2026-04-15 15:46:44,2026-05-19 18:00:39,Closed
ALM0418,SYS0398,High Temperature,High,2026-01-20 07:41:29,2026-01-14 10:48:27,Closed
ALM0419,SYS0162,High Temperature,Medium,2026-04-27 13:33:49,2026-04-15 16:43:24,Closed
ALM0420,SYS0449,High Temperature,High,2026-04-28 06:19:58,2026-05-16 15:50:48,Open
ALM0421,SYS0061,High Temperature,Medium,2026-06-04 06:48:14,2026-04-30 18:05:01,Closed
ALM0422,SYS0072,Emergency Stop,Low,2026-01-25 23:41:54,2026-01-04 19:06:24,Closed
ALM0423,SYS0205,Motor Fault,Low,2026-02-12 07:49:06,2026-01-14 03:12:17,Open
ALM0424,SYS0431,Low Pressure,High,2026-04-17 14:52:02,2026-06-20 11:52:08,Closed
ALM0425,SYS0184,High Temperature,Medium,2026-06-10 00:49:17,2026-01-26 18:04:40,Open
ALM0426,SYS0285,Low Pressure,Low,2026-03-31 12:48:42,2026-01-12 13:18:58,Closed
ALM0427,SYS0248,Motor Fault,Medium,2026-02-14 00:51:33,2026-06-19 13:47:12,Closed
ALM0428,SYS0135,High Temperature,High,2026-05-26 17:52:52,2026-01-22 07:09:54,Closed
ALM0429,SYS0444,Low Pressure,Low,2026-03-21 02:53:59,2026-05-19 16:36:36,Open
ALM0430,SYS0474,Emergency Stop,High,2026-03-25 18:01:51,2026-05-31 15:10:44,Open
ALM0431,SYS0025,High Temperature,Medium,2026-01-11 06:15:55,2026-07-14 04:32:41,Open
ALM0432,SYS0348,Motor Fault,Critical,2026-07-13 18:35:41,2026-02-01 10:38:51,Closed
ALM0433,SYS0053,Motor Fault,Medium,2026-06-11 03:57:01,2026-05-27 23:09:43,Open
ALM0434,SYS0467,Motor Fault,Critical,2026-06-20 11:35:56,2026-05-21 10:58:47,Closed
ALM0435,SYS0050,Motor Fault,Medium,2026-04-02 04:34:34,2026-05-25 19:51:29,Closed
ALM0436,SYS0278,Motor Fault,Critical,2026-02-04 06:48:10,2026-06-06 17:37:17,Closed
ALM0437,SYS0292,High Temperature,Critical,2026-07-04 19:04:17,2026-04-02 19:33:51,Open
ALM0438,SYS0335,High Temperature,Critical,2026-02-12 14:26:04,2026-03-16 03:17:22,Open
ALM0439,SYS0213,High Temperature,Low,2026-05-29 16:17:45,2026-06-30 02:30:33,Open
ALM0440,SYS0324,Low Pressure,Critical,2026-01-13 00:55:51,2026-01-03 18:12:00,Closed
ALM0441,SYS0455,High Temperature,Low,2026-02-19 14:17:56,2026-05-10 16:48:13,Open
ALM0442,SYS0139,Motor Fault,High,2026-02-07 02:33:10,2026-02-07 10:53:39,Closed
ALM0443,SYS0068,High Temperature,Critical,2026-07-04 14:06:06,2026-01-26 23:40:49,Closed
ALM0444,SYS0141,Motor Fault,Critical,2026-03-21 02:05:41,2026-03-04 02:10:47,Closed
ALM0445,SYS0420,Motor Fault,Medium,2026-06-08 04:21:48,2026-04-29 05:24:30,Closed
ALM0446,SYS0482,High Temperature,Critical,2026-07-14 08:48:38,2026-04-26 00:54:05,Open
ALM0447,SYS0404,Low Pressure,Low,2026-05-26 17:22:56,2026-03-20 00:48:36,Closed
ALM0448,SYS0467,Motor Fault,Critical,2026-01-06 13:35:45,2026-05-30 19:51:25,Closed
ALM0449,SYS0071,Motor Fault,Critical,2026-04-22 13:02:15,2026-05-24 12:53:44,Open
ALM0450,SYS0095,Low Pressure,Low,2026-05-25 19:31:21,2026-04-08 23:21:21,Open
ALM0451,SYS0170,Low Pressure,Medium,2026-03-31 22:38:11,2026-01-08 08:14:19,Closed
ALM0452,SYS0226,High Temperature,High,2026-05-30 18:44:12,2026-04-08 12:02:28,Closed
ALM0453,SYS0158,Emergency Stop,Critical,2026-06-29 07:21:37,2026-02-11 19:38:20,Closed
ALM0454,SYS0278,Motor Fault,High,2026-06-06 09:33:36,2026-01-20 12:48:14,Closed
ALM0455,SYS0306,Low Pressure,Critical,2026-01-30 15:55:27,2026-03-20 01:58:16,Closed
ALM0456,SYS0088,High Temperature,Medium,2026-05-13 18:40:10,2026-04-16 02:38:31,Open
ALM0457,SYS0161,High Temperature,Critical,2026-02-21 06:59:32,2026-05-14 07:46:01,Open
ALM0458,SYS0497,Low Pressure,High,2026-01-17 05:47:11,2026-07-08 20:28:03,Closed
ALM0459,SYS0374,Motor Fault,Medium,2026-05-22 10:57:19,2026-03-01 18:02:25,Open
ALM0460,SYS0086,High Temperature,Low,2026-04-18 02:07:46,2026-03-18 14:45:26,Open
ALM0461,SYS0202,Low Pressure,Medium,2026-06-14 09:19:53,2026-04-09 06:30:03,Open
ALM0462,SYS0477,High Temperature,Critical,2026-03-26 04:06:34,2026-04-08 03:03:00,Open
ALM0463,SYS0473,Low Pressure,Critical,2026-01-16 22:10:43,2026-06-11 14:05:57,Closed
ALM0464,SYS0081,Emergency Stop,High,2026-02-12 22:31:26,2026-06-18 10:29:17,Open
ALM0465,SYS0317,Motor Fault,High,2026-04-15 19:36:46,2026-06-16 10:24:26,Closed
ALM0466,SYS0284,Motor Fault,Medium,2026-01-07 23:02:49,2026-06-10 08:18:04,Open
ALM0467,SYS0300,Motor Fault,Medium,2026-06-17 07:52:38,2026-05-12 06:29:55,Closed
ALM0468,SYS0072,Motor Fault,Low,2026-06-04 06:45:01,2026-05-15 01:14:03,Closed
ALM0469,SYS0060,Motor Fault,Critical,2026-02-26 14:06:11,2026-06-08 01:22:27,Closed
ALM0470,SYS0315,High Temperature,Critical,2026-01-24 13:06:34,2026-06-04 15:53:25,Open
ALM0471,SYS0029,Motor Fault,Low,2026-07-09 19:32:21,2026-02-18 08:51:57,Open
ALM0472,SYS0186,Motor Fault,Low,2026-02-11 06:58:14,2026-05-10 13:11:48,Closed
ALM0473,SYS0230,Emergency Stop,High,2026-03-14 11:42:07,2026-06-25 01:14:48,Closed
ALM0474,SYS0242,Low Pressure,High,2026-04-21 23:38:51,2026-05-19 00:43:18,Open
ALM0475,SYS0183,Low Pressure,High,2026-01-28 18:01:06,2026-04-08 22:31:56,Closed
ALM0476,SYS0448,Motor Fault,Low,2026-02-20 16:06:59,2026-01-23 18:22:22,Closed
ALM0477,SYS0061,Motor Fault,High,2026-06-07 22:27:24,2026-02-17 01:53:42,Closed
ALM0478,SYS0103,Motor Fault,High,2026-05-27 12:21:25,2026-06-13 06:50:04,Open
ALM0479,SYS0019,Motor Fault,Medium,2026-01-09 13:00:59,2026-05-20 20:56:10,Closed
ALM0480,SYS0262,High Temperature,Medium,2026-02-19 01:34:18,2026-06-09 07:42:01,Open
ALM0481,SYS0064,Low Pressure,Critical,2026-06-30 03:35:12,2026-03-07 10:41:19,Open
ALM0482,SYS0448,High Temperature,Medium,2026-02-14 05:16:38,2026-02-22 20:18:46,Open
ALM0483,SYS0423,Low Pressure,Critical,2026-03-26 01:52:40,2026-05-09 19:17:46,Open
ALM0484,SYS0263,Emergency Stop,Medium,2026-02-07 23:42:30,2026-05-30 01:43:31,Open
ALM0485,SYS0181,Low Pressure,Critical,2026-02-28 21:15:49,2026-03-13 04:18:50,Closed
ALM0486,SYS0101,High Temperature,High,2026-04-29 08:26:50,2026-03-21 06:58:50,Closed
ALM0487,SYS0095,Motor Fault,Low,2026-03-28 00:20:18,2026-02-07 10:12:24,Closed
ALM0488,SYS0093,High Temperature,Critical,2026-05-05 20:19:04,2026-05-16 07:01:25,Closed
ALM0489,SYS0210,Motor Fault,Medium,2026-03-16 18:38:44,2026-02-05 22:23:44,Closed
ALM0490,SYS0374,Low Pressure,Critical,2026-06-07 20:33:22,2026-04-07 08:26:13,Open
ALM0491,SYS0052,High Temperature,High,2026-07-05 00:44:20,2026-02-07 15:36:38,Closed
ALM0492,SYS0352,Emergency Stop,Medium,2026-07-02 02:29:26,2026-07-05 08:54:03,Closed
ALM0493,SYS0143,Emergency Stop,Critical,2026-07-09 14:32:20,2026-04-11 20:07:31,Open
ALM0494,SYS0377,Emergency Stop,Critical,2026-03-17 19:50:28,2026-04-21 22:41:05,Closed
ALM0495,SYS0478,Low Pressure,Critical,2026-01-26 20:53:08,2026-07-06 07:07:01,Open
ALM0496,SYS0159,Low Pressure,Medium,2026-02-22 05:28:32,2026-05-18 12:52:19,Closed
ALM0497,SYS0070,Motor Fault,Critical,2026-04-20 23:26:50,2026-06-18 04:49:38,Closed
ALM0498,SYS0135,Motor Fault,Low,2026-06-01 12:54:20,2026-01-14 20:34:03,Open
ALM0499,SYS0354,High Temperature,Low,2026-02-15 21:19:49,2026-06-10 18:22:05,Open
ALM0500,SYS0273,Motor Fault,Critical,2026-01-14 21:52:08,2026-04-16 23:23:43,Open
