Compliance_ID,System_ID,ISO9001,ISO27001,Safety_Check,Audit_Result,Inspection_Date
CMP0001,SYS0220,Pass,Fail,Pass,Passed,2025-10-24
CMP0002,SYS0374,Fail,Pass,Fail,Failed,2025-11-29
CMP0003,SYS0326,Fail,Pass,Fail,Failed,2026-05-05
CMP0004,SYS0091,Fail,Pass,Fail,Failed,2025-09-16
CMP0005,SYS0428,Pass,Fail,Pass,Failed,2026-01-24
CMP0006,SYS0492,Fail,Fail,Fail,Passed,2025-07-24
CMP0007,SYS0137,Fail,Fail,Pass,Failed,2025-08-31
CMP0008,SYS0404,Pass,Pass,Fail,Failed,2026-04-27
CMP0009,SYS0154,Pass,Fail,Fail,Failed,2025-12-26
CMP0010,SYS0113,Pass,Fail,Fail,Passed,2026-02-01
CMP0011,SYS0148,Fail,Fail,Fail,Failed,2026-05-12
CMP0012,SYS0369,Fail,Pass,Fail,Passed,2026-01-28
CMP0013,SYS0288,Fail,Pass,Fail,Passed,2026-06-30
CMP0014,SYS0079,Fail,Pass,Fail,Failed,2026-06-06
CMP0015,SYS0473,Pass,Fail,Pass,Failed,2025-08-31
CMP0016,SYS0244,Pass,Pass,Fail,Failed,2026-04-16
CMP0017,SYS0487,Pass,Pass,Fail,Failed,2025-11-21
CMP0018,SYS0109,Fail,Fail,Fail,Failed,2026-02-14
CMP0019,SYS0127,Pass,Fail,Pass,Failed,2026-03-14
CMP0020,SYS0375,Pass,Fail,Fail,Passed,2026-01-02
CMP0021,SYS0316,Pass,Fail,Pass,Failed,2025-10-11
CMP0022,SYS0441,Pass,Pass,Pass,Failed,2026-03-20
CMP0023,SYS0460,Pass,Fail,Pass,Passed,2026-05-27
CMP0024,SYS0126,Pass,Fail,Pass,Failed,2026-07-08
CMP0025,SYS0067,Fail,Pass,Fail,Passed,2026-02-07
CMP0026,SYS0397,Pass,Pass,Fail,Failed,2026-06-04
CMP0027,SYS0418,Fail,Pass,Pass,Failed,2025-09-30
CMP0028,SYS0375,Fail,Pass,Pass,Passed,2025-09-17
CMP0029,SYS0063,Fail,Fail,Pass,Failed,2026-02-02
CMP0030,SYS0401,Fail,Fail,Pass,Failed,2025-11-23
CMP0031,SYS0329,Fail,Pass,Pass,Failed,2025-10-25
CMP0032,SYS0432,Fail,Fail,Fail,Passed,2025-08-07
CMP0033,SYS0470,Pass,Pass,Fail,Passed,2025-08-15
CMP0034,SYS0384,Fail,Pass,Pass,Failed,2026-02-25
CMP0035,SYS0421,Fail,Pass,Pass,Passed,2026-02-23
CMP0036,SYS0329,Fail,Fail,Fail,Failed,2026-05-09
CMP0037,SYS0046,Fail,Fail,Pass,Failed,2026-02-02
CMP0038,SYS0350,Pass,Pass,Fail,Passed,2025-08-21
CMP0039,SYS0308,Pass,Pass,Pass,Failed,2026-04-15
CMP0040,SYS0056,Pass,Fail,Pass,Passed,2026-03-13
CMP0041,SYS0206,Pass,Fail,Pass,Passed,2025-11-04
CMP0042,SYS0100,Pass,Pass,Fail,Failed,2025-10-07
CMP0043,SYS0111,Fail,Fail,Fail,Passed,2026-02-24
CMP0044,SYS0490,Fail,Pass,Fail,Passed,2025-10-12
CMP0045,SYS0423,Fail,Pass,Pass,Passed,2025-11-05
CMP0046,SYS0443,Fail,Fail,Pass,Passed,2025-07-14
CMP0047,SYS0038,Fail,Pass,Pass,Failed,2026-03-22
CMP0048,SYS0006,Fail,Pass,Pass,Passed,2025-09-09
CMP0049,SYS0435,Fail,Pass,Pass,Passed,2025-10-12
CMP0050,SYS0272,Fail,Fail,Pass,Failed,2026-07-01
CMP0051,SYS0469,Pass,Pass,Pass,Passed,2026-01-08
CMP0052,SYS0150,Pass,Pass,Pass,Failed,2026-05-04
CMP0053,SYS0257,Fail,Fail,Fail,Passed,2025-09-15
CMP0054,SYS0031,Pass,Fail,Pass,Passed,2025-09-04
CMP0055,SYS0218,Pass,Fail,Pass,Failed,2026-04-03
CMP0056,SYS0429,Pass,Pass,Fail,Passed,2026-01-31
CMP0057,SYS0041,Fail,Fail,Pass,Passed,2026-05-25
CMP0058,SYS0405,Fail,Pass,Pass,Passed,2026-07-13
CMP0059,SYS0401,Pass,Fail,Pass,Passed,2025-11-24
CMP0060,SYS0156,Fail,Pass,Pass,Passed,2026-05-26
CMP0061,SYS0149,Pass,Pass,Pass,Failed,2026-02-18
CMP0062,SYS0436,Fail,Fail,Pass,Failed,2025-11-03
CMP0063,SYS0479,Pass,Pass,Fail,Failed,2026-06-08
CMP0064,SYS0435,Fail,Fail,Fail,Failed,2026-03-29
CMP0065,SYS0441,Fail,Pass,Pass,Passed,2026-03-24
CMP0066,SYS0284,Pass,Pass,Fail,Failed,2025-11-10
CMP0067,SYS0315,Pass,Fail,Pass,Failed,2025-07-21
CMP0068,SYS0087,Pass,Pass,Pass,Failed,2025-08-28
CMP0069,SYS0146,Pass,Pass,Pass,Passed,2025-09-30
CMP0070,SYS0472,Fail,Pass,Fail,Passed,2026-05-24
CMP0071,SYS0211,Fail,Pass,Fail,Passed,2025-09-30
CMP0072,SYS0209,Fail,Fail,Fail,Passed,2025-08-21
CMP0073,SYS0166,Pass,Fail,Fail,Passed,2025-09-04
CMP0074,SYS0002,Pass,Fail,Fail,Failed,2025-11-19
CMP0075,SYS0369,Pass,Fail,Fail,Failed,2026-02-12
CMP0076,SYS0219,Fail,Fail,Pass,Passed,2025-09-12
CMP0077,SYS0016,Fail,Pass,Fail,Failed,2025-08-01
CMP0078,SYS0232,Fail,Fail,Pass,Failed,2026-07-01
CMP0079,SYS0187,Fail,Pass,Pass,Failed,2025-09-24
CMP0080,SYS0327,Pass,Fail,Pass,Failed,2026-04-23
CMP0081,SYS0207,Pass,Fail,Fail,Failed,2025-11-09
CMP0082,SYS0014,Fail,Fail,Pass,Failed,2026-03-19
CMP0083,SYS0012,Pass,Pass,Fail,Failed,2026-02-11
CMP0084,SYS0057,Pass,Pass,Fail,Failed,2025-08-17
CMP0085,SYS0441,Pass,Fail,Pass,Failed,2026-04-12
CMP0086,SYS0399,Pass,Pass,Pass,Failed,2026-01-06
CMP0087,SYS0210,Pass,Fail,Pass,Failed,2026-07-09
CMP0088,SYS0070,Pass,Pass,Fail,Failed,2025-07-15
CMP0089,SYS0087,Pass,Pass,Pass,Failed,2026-02-16
CMP0090,SYS0446,Pass,Pass,Pass,Passed,2026-05-25
CMP0091,SYS0283,Pass,Pass,Pass,Passed,2025-11-27
CMP0092,SYS0146,Pass,Fail,Fail,Failed,2026-06-12
CMP0093,SYS0444,Pass,Pass,Fail,Failed,2025-11-04
CMP0094,SYS0017,Pass,Fail,Pass,Passed,2025-08-17
CMP0095,SYS0372,Fail,Fail,Pass,Passed,2026-05-23
CMP0096,SYS0191,Pass,Pass,Pass,Failed,2026-03-17
CMP0097,SYS0342,Pass,Fail,Pass,Failed,2026-07-05
CMP0098,SYS0496,Fail,Pass,Pass,Passed,2025-07-26
CMP0099,SYS0473,Pass,Fail,Fail,Passed,2025-07-14
CMP0100,SYS0328,Fail,Fail,Pass,Failed,2026-04-06
CMP0101,SYS0269,Pass,Pass,Pass,Passed,2026-02-01
CMP0102,SYS0436,Pass,Pass,Fail,Passed,2026-02-01
CMP0103,SYS0319,Fail,Fail,Pass,Failed,2025-12-19
CMP0104,SYS0040,Fail,Pass,Pass,Failed,2026-04-05
CMP0105,SYS0148,Fail,Fail,Fail,Failed,2026-04-08
CMP0106,SYS0376,Pass,Pass,Pass,Passed,2026-05-17
CMP0107,SYS0329,Pass,Pass,Fail,Passed,2026-05-18
CMP0108,SYS0388,Fail,Fail,Pass,Passed,2025-09-23
CMP0109,SYS0238,Pass,Pass,Pass,Passed,2025-12-04
CMP0110,SYS0422,Fail,Fail,Pass,Failed,2026-01-11
CMP0111,SYS0306,Pass,Fail,Fail,Failed,2026-05-23
CMP0112,SYS0491,Fail,Fail,Fail,Failed,2025-12-13
CMP0113,SYS0358,Pass,Fail,Pass,Passed,2026-02-17
CMP0114,SYS0428,Fail,Fail,Pass,Failed,2025-12-13
CMP0115,SYS0184,Pass,Fail,Pass,Failed,2026-06-27
CMP0116,SYS0035,Pass,Fail,Fail,Failed,2026-07-12
CMP0117,SYS0236,Pass,Pass,Fail,Failed,2025-11-15
CMP0118,SYS0191,Fail,Pass,Pass,Failed,2026-06-11
CMP0119,SYS0163,Pass,Fail,Fail,Passed,2025-09-16
CMP0120,SYS0475,Pass,Fail,Pass,Failed,2025-12-05
CMP0121,SYS0301,Pass,Pass,Fail,Passed,2026-04-16
CMP0122,SYS0326,Pass,Fail,Pass,Failed,2026-07-01
CMP0123,SYS0371,Fail,Pass,Fail,Failed,2026-05-23
CMP0124,SYS0138,Fail,Fail,Fail,Passed,2025-10-23
CMP0125,SYS0166,Pass,Fail,Pass,Passed,2026-04-22
CMP0126,SYS0381,Pass,Fail,Pass,Passed,2026-04-19
CMP0127,SYS0155,Pass,Pass,Fail,Passed,2025-11-13
CMP0128,SYS0233,Pass,Fail,Pass,Failed,2025-09-20
CMP0129,SYS0176,Pass,Fail,Pass,Failed,2025-07-24
CMP0130,SYS0274,Fail,Fail,Fail,Failed,2026-03-21
CMP0131,SYS0434,Pass,Fail,Pass,Failed,2026-03-19
CMP0132,SYS0289,Fail,Pass,Pass,Failed,2026-01-16
CMP0133,SYS0085,Fail,Fail,Pass,Passed,2026-04-29
CMP0134,SYS0391,Pass,Pass,Pass,Failed,2026-01-08
CMP0135,SYS0346,Fail,Fail,Pass,Passed,2026-04-18
CMP0136,SYS0435,Pass,Fail,Pass,Failed,2025-12-30
CMP0137,SYS0116,Pass,Fail,Pass,Passed,2025-12-12
CMP0138,SYS0310,Fail,Fail,Pass,Passed,2026-03-02
CMP0139,SYS0227,Pass,Pass,Fail,Failed,2026-05-31
CMP0140,SYS0488,Pass,Pass,Pass,Passed,2025-08-24
CMP0141,SYS0155,Pass,Fail,Fail,Passed,2026-01-05
CMP0142,SYS0464,Pass,Fail,Pass,Passed,2026-02-26
CMP0143,SYS0461,Fail,Fail,Pass,Failed,2026-01-24
CMP0144,SYS0440,Pass,Fail,Pass,Passed,2026-05-27
CMP0145,SYS0420,Fail,Pass,Pass,Passed,2025-08-24
CMP0146,SYS0430,Pass,Pass,Pass,Failed,2025-09-23
CMP0147,SYS0273,Fail,Pass,Pass,Passed,2025-11-10
CMP0148,SYS0024,Fail,Pass,Pass,Passed,2025-08-08
CMP0149,SYS0296,Pass,Pass,Pass,Failed,2025-07-23
CMP0150,SYS0317,Pass,Fail,Fail,Passed,2026-05-11
CMP0151,SYS0310,Pass,Pass,Pass,Passed,2026-03-07
CMP0152,SYS0095,Fail,Fail,Pass,Failed,2026-03-08
CMP0153,SYS0075,Pass,Fail,Fail,Failed,2025-10-26
CMP0154,SYS0359,Fail,Pass,Fail,Failed,2026-01-07
CMP0155,SYS0497,Fail,Pass,Fail,Passed,2026-05-03
CMP0156,SYS0117,Pass,Fail,Fail,Passed,2026-06-26
CMP0157,SYS0070,Pass,Pass,Fail,Failed,2026-01-29
CMP0158,SYS0239,Pass,Fail,Fail,Failed,2026-06-13
CMP0159,SYS0149,Fail,Fail,Pass,Failed,2026-04-16
CMP0160,SYS0007,Pass,Fail,Fail,Passed,2026-03-08
CMP0161,SYS0347,Pass,Pass,Fail,Failed,2026-02-19
CMP0162,SYS0220,Fail,Fail,Fail,Passed,2026-06-13
CMP0163,SYS0177,Pass,Fail,Fail,Passed,2026-06-17
CMP0164,SYS0065,Pass,Pass,Pass,Failed,2025-09-22
CMP0165,SYS0245,Pass,Fail,Pass,Passed,2025-11-10
CMP0166,SYS0080,Pass,Pass,Pass,Passed,2025-09-05
CMP0167,SYS0201,Fail,Fail,Pass,Failed,2026-05-23
CMP0168,SYS0323,Fail,Fail,Pass,Failed,2025-07-28
CMP0169,SYS0126,Pass,Pass,Pass,Failed,2026-03-26
CMP0170,SYS0064,Fail,Pass,Pass,Passed,2026-03-10
CMP0171,SYS0194,Fail,Fail,Fail,Passed,2026-06-22
CMP0172,SYS0467,Fail,Pass,Pass,Failed,2025-09-07
CMP0173,SYS0434,Pass,Fail,Pass,Passed,2026-02-12
CMP0174,SYS0021,Pass,Pass,Fail,Failed,2025-10-13
CMP0175,SYS0396,Pass,Pass,Pass,Passed,2025-08-09
CMP0176,SYS0107,Pass,Fail,Fail,Failed,2026-06-14
CMP0177,SYS0307,Fail,Fail,Pass,Passed,2026-03-15
CMP0178,SYS0498,Fail,Fail,Pass,Failed,2026-03-08
CMP0179,SYS0338,Pass,Fail,Fail,Failed,2026-05-29
CMP0180,SYS0292,Pass,Fail,Pass,Passed,2025-08-25
CMP0181,SYS0022,Pass,Pass,Fail,Passed,2025-07-19
CMP0182,SYS0418,Fail,Fail,Pass,Failed,2025-10-07
CMP0183,SYS0202,Fail,Pass,Fail,Failed,2025-10-07
CMP0184,SYS0444,Pass,Fail,Pass,Passed,2026-06-16
CMP0185,SYS0250,Pass,Fail,Fail,Failed,2025-10-02
CMP0186,SYS0113,Pass,Fail,Fail,Failed,2025-11-10
CMP0187,SYS0161,Fail,Fail,Fail,Failed,2025-10-17
CMP0188,SYS0271,Fail,Fail,Fail,Passed,2026-04-25
CMP0189,SYS0085,Fail,Fail,Fail,Passed,2025-11-14
CMP0190,SYS0012,Fail,Fail,Pass,Failed,2026-03-01
CMP0191,SYS0003,Fail,Pass,Fail,Failed,2026-01-10
CMP0192,SYS0197,Fail,Pass,Pass,Passed,2025-07-29
CMP0193,SYS0444,Fail,Pass,Fail,Failed,2026-07-07
CMP0194,SYS0365,Fail,Pass,Pass,Failed,2026-02-01
CMP0195,SYS0360,Pass,Fail,Pass,Failed,2026-01-24
CMP0196,SYS0351,Fail,Pass,Pass,Passed,2026-06-23
CMP0197,SYS0295,Pass,Fail,Fail,Failed,2025-09-21
CMP0198,SYS0462,Pass,Pass,Pass,Passed,2026-02-28
CMP0199,SYS0150,Fail,Fail,Pass,Failed,2026-04-05
CMP0200,SYS0467,Fail,Fail,Fail,Passed,2026-04-24
CMP0201,SYS0192,Pass,Fail,Pass,Failed,2026-05-16
CMP0202,SYS0013,Pass,Pass,Pass,Passed,2026-03-01
CMP0203,SYS0150,Fail,Pass,Pass,Passed,2025-12-11
CMP0204,SYS0228,Pass,Pass,Fail,Failed,2025-07-19
CMP0205,SYS0033,Fail,Fail,Fail,Failed,2025-10-17
CMP0206,SYS0007,Fail,Pass,Fail,Passed,2026-02-10
CMP0207,SYS0344,Pass,Fail,Pass,Passed,2026-03-04
CMP0208,SYS0058,Pass,Pass,Pass,Passed,2025-09-19
CMP0209,SYS0421,Pass,Fail,Fail,Passed,2025-12-30
CMP0210,SYS0199,Fail,Pass,Pass,Passed,2025-10-16
CMP0211,SYS0217,Fail,Fail,Pass,Passed,2025-10-29
CMP0212,SYS0481,Fail,Fail,Pass,Passed,2026-04-14
CMP0213,SYS0196,Pass,Fail,Fail,Failed,2026-01-26
CMP0214,SYS0457,Fail,Pass,Pass,Failed,2026-02-13
CMP0215,SYS0470,Fail,Fail,Pass,Passed,2026-05-06
CMP0216,SYS0444,Pass,Pass,Fail,Failed,2025-08-04
CMP0217,SYS0391,Pass,Pass,Fail,Passed,2025-07-14
CMP0218,SYS0423,Pass,Pass,Pass,Failed,2026-03-27
CMP0219,SYS0150,Fail,Pass,Fail,Failed,2025-08-05
CMP0220,SYS0403,Pass,Pass,Pass,Passed,2025-08-25
CMP0221,SYS0147,Fail,Pass,Pass,Failed,2025-12-09
CMP0222,SYS0032,Fail,Pass,Pass,Failed,2026-01-24
CMP0223,SYS0208,Fail,Fail,Pass,Passed,2025-10-13
CMP0224,SYS0427,Fail,Pass,Pass,Failed,2026-01-05
CMP0225,SYS0264,Pass,Fail,Fail,Failed,2026-01-12
CMP0226,SYS0164,Fail,Pass,Pass,Passed,2026-07-10
CMP0227,SYS0320,Pass,Pass,Fail,Failed,2026-01-01
CMP0228,SYS0196,Fail,Fail,Pass,Failed,2026-02-09
CMP0229,SYS0431,Fail,Fail,Pass,Passed,2026-01-24
CMP0230,SYS0493,Pass,Pass,Fail,Passed,2025-11-29
CMP0231,SYS0208,Pass,Fail,Pass,Failed,2026-05-01
CMP0232,SYS0048,Pass,Fail,Fail,Failed,2026-04-25
CMP0233,SYS0410,Fail,Pass,Pass,Failed,2026-01-23
CMP0234,SYS0424,Fail,Fail,Fail,Passed,2026-05-16
CMP0235,SYS0340,Pass,Pass,Fail,Passed,2026-07-07
CMP0236,SYS0244,Pass,Fail,Pass,Failed,2025-08-24
CMP0237,SYS0497,Pass,Fail,Pass,Failed,2025-08-25
CMP0238,SYS0183,Pass,Fail,Fail,Failed,2026-05-07
CMP0239,SYS0226,Pass,Fail,Pass,Failed,2026-01-02
CMP0240,SYS0488,Pass,Pass,Pass,Failed,2026-03-31
CMP0241,SYS0082,Fail,Fail,Pass,Passed,2025-11-23
CMP0242,SYS0240,Fail,Fail,Pass,Passed,2025-11-21
CMP0243,SYS0349,Fail,Fail,Fail,Failed,2025-12-20
CMP0244,SYS0281,Fail,Pass,Pass,Passed,2026-06-05
CMP0245,SYS0004,Pass,Fail,Pass,Passed,2026-01-12
CMP0246,SYS0462,Fail,Pass,Fail,Failed,2026-06-22
CMP0247,SYS0221,Pass,Fail,Fail,Passed,2026-01-15
CMP0248,SYS0327,Fail,Pass,Pass,Failed,2025-09-16
CMP0249,SYS0065,Fail,Fail,Fail,Passed,2026-02-03
CMP0250,SYS0496,Pass,Pass,Fail,Passed,2026-01-30
CMP0251,SYS0482,Pass,Fail,Pass,Passed,2025-10-04
CMP0252,SYS0328,Fail,Pass,Pass,Failed,2026-06-29
CMP0253,SYS0407,Fail,Fail,Fail,Passed,2026-02-08
CMP0254,SYS0062,Fail,Pass,Fail,Passed,2026-05-29
CMP0255,SYS0355,Fail,Fail,Pass,Passed,2025-12-27
CMP0256,SYS0400,Pass,Pass,Fail,Passed,2025-11-17
CMP0257,SYS0075,Pass,Pass,Pass,Failed,2025-11-02
CMP0258,SYS0073,Pass,Fail,Fail,Failed,2026-04-13
CMP0259,SYS0111,Pass,Fail,Fail,Failed,2026-06-18
CMP0260,SYS0241,Pass,Fail,Pass,Failed,2025-08-08
CMP0261,SYS0056,Fail,Fail,Fail,Failed,2025-08-04
CMP0262,SYS0396,Fail,Fail,Fail,Failed,2026-06-05
CMP0263,SYS0152,Pass,Fail,Pass,Passed,2025-09-11
CMP0264,SYS0148,Fail,Pass,Pass,Failed,2026-03-19
CMP0265,SYS0078,Pass,Fail,Pass,Failed,2025-12-07
CMP0266,SYS0350,Fail,Pass,Fail,Passed,2026-03-08
CMP0267,SYS0491,Pass,Pass,Pass,Passed,2026-07-01
CMP0268,SYS0390,Fail,Pass,Pass,Failed,2026-01-30
CMP0269,SYS0011,Fail,Fail,Fail,Passed,2026-05-21
CMP0270,SYS0216,Pass,Pass,Fail,Failed,2026-01-08
CMP0271,SYS0404,Pass,Pass,Fail,Passed,2026-03-20
CMP0272,SYS0382,Pass,Pass,Pass,Failed,2025-10-26
CMP0273,SYS0363,Pass,Fail,Pass,Passed,2025-10-04
CMP0274,SYS0259,Pass,Pass,Fail,Failed,2025-11-13
CMP0275,SYS0287,Pass,Fail,Fail,Failed,2026-05-10
CMP0276,SYS0307,Fail,Pass,Pass,Failed,2026-07-10
CMP0277,SYS0148,Pass,Fail,Fail,Passed,2025-12-01
CMP0278,SYS0308,Pass,Pass,Fail,Failed,2025-12-31
CMP0279,SYS0242,Pass,Fail,Fail,Passed,2026-06-26
CMP0280,SYS0497,Fail,Fail,Fail,Passed,2026-06-21
CMP0281,SYS0416,Pass,Pass,Pass,Passed,2026-07-02
CMP0282,SYS0483,Fail,Pass,Fail,Failed,2026-04-02
CMP0283,SYS0187,Pass,Pass,Fail,Failed,2026-03-27
CMP0284,SYS0276,Fail,Fail,Pass,Failed,2026-01-06
CMP0285,SYS0343,Pass,Fail,Pass,Passed,2026-03-21
CMP0286,SYS0416,Pass,Pass,Pass,Failed,2026-04-10
CMP0287,SYS0341,Pass,Pass,Fail,Failed,2026-03-27
CMP0288,SYS0405,Pass,Fail,Pass,Passed,2025-07-31
CMP0289,SYS0287,Fail,Fail,Pass,Passed,2025-10-20
CMP0290,SYS0254,Pass,Fail,Pass,Passed,2025-08-18
CMP0291,SYS0451,Pass,Pass,Fail,Failed,2026-01-30
CMP0292,SYS0433,Pass,Fail,Pass,Passed,2025-07-29
CMP0293,SYS0046,Pass,Pass,Pass,Passed,2026-06-26
CMP0294,SYS0270,Pass,Pass,Fail,Passed,2026-07-09
CMP0295,SYS0373,Pass,Fail,Pass,Passed,2026-02-06
CMP0296,SYS0270,Pass,Fail,Fail,Passed,2026-03-10
CMP0297,SYS0172,Pass,Pass,Pass,Passed,2026-03-19
CMP0298,SYS0473,Fail,Pass,Fail,Failed,2026-03-10
CMP0299,SYS0218,Pass,Pass,Fail,Failed,2025-08-07
CMP0300,SYS0088,Pass,Pass,Pass,Passed,2026-01-05
CMP0301,SYS0346,Fail,Pass,Fail,Failed,2026-02-20
CMP0302,SYS0400,Fail,Fail,Fail,Passed,2026-03-26
CMP0303,SYS0447,Fail,Pass,Pass,Passed,2025-09-11
CMP0304,SYS0019,Fail,Pass,Pass,Passed,2026-01-19
CMP0305,SYS0442,Fail,Fail,Pass,Failed,2026-07-10
CMP0306,SYS0317,Fail,Pass,Pass,Passed,2026-01-15
CMP0307,SYS0383,Fail,Pass,Fail,Passed,2026-06-07
CMP0308,SYS0243,Fail,Fail,Pass,Passed,2025-09-01
CMP0309,SYS0208,Fail,Fail,Fail,Passed,2026-05-06
CMP0310,SYS0261,Fail,Fail,Fail,Passed,2025-12-29
CMP0311,SYS0337,Pass,Fail,Pass,Failed,2026-02-15
CMP0312,SYS0279,Fail,Pass,Pass,Failed,2026-02-03
CMP0313,SYS0451,Pass,Fail,Fail,Passed,2025-10-19
CMP0314,SYS0304,Pass,Pass,Fail,Failed,2025-08-26
CMP0315,SYS0223,Fail,Pass,Pass,Failed,2026-05-18
CMP0316,SYS0330,Fail,Pass,Fail,Failed,2026-04-18
CMP0317,SYS0087,Pass,Pass,Fail,Failed,2026-05-14
CMP0318,SYS0298,Pass,Fail,Pass,Passed,2025-10-27
CMP0319,SYS0166,Fail,Fail,Fail,Failed,2026-02-18
CMP0320,SYS0078,Fail,Fail,Fail,Failed,2026-02-23
CMP0321,SYS0152,Pass,Pass,Fail,Passed,2026-05-06
CMP0322,SYS0163,Pass,Pass,Fail,Passed,2026-04-19
CMP0323,SYS0396,Fail,Pass,Fail,Failed,2025-11-03
CMP0324,SYS0248,Pass,Pass,Pass,Failed,2026-03-17
CMP0325,SYS0445,Fail,Fail,Pass,Failed,2026-03-26
CMP0326,SYS0042,Pass,Fail,Fail,Passed,2026-01-23
CMP0327,SYS0029,Fail,Pass,Pass,Passed,2026-01-26
CMP0328,SYS0135,Fail,Pass,Fail,Failed,2026-07-03
CMP0329,SYS0179,Fail,Pass,Pass,Passed,2025-11-22
CMP0330,SYS0397,Pass,Pass,Pass,Passed,2026-06-23
CMP0331,SYS0053,Pass,Fail,Pass,Passed,2025-07-22
CMP0332,SYS0330,Fail,Pass,Fail,Failed,2026-06-25
CMP0333,SYS0088,Pass,Fail,Fail,Passed,2026-06-12
CMP0334,SYS0093,Pass,Pass,Pass,Failed,2026-06-29
CMP0335,SYS0310,Pass,Pass,Pass,Failed,2026-02-11
CMP0336,SYS0087,Pass,Pass,Fail,Passed,2026-07-03
CMP0337,SYS0011,Pass,Fail,Pass,Failed,2025-08-24
CMP0338,SYS0334,Fail,Pass,Fail,Failed,2025-10-02
CMP0339,SYS0187,Pass,Fail,Fail,Passed,2025-12-16
CMP0340,SYS0358,Fail,Fail,Pass,Failed,2026-02-01
CMP0341,SYS0157,Fail,Fail,Fail,Failed,2026-06-11
CMP0342,SYS0131,Pass,Fail,Fail,Passed,2025-12-31
CMP0343,SYS0186,Fail,Fail,Fail,Passed,2025-10-11
CMP0344,SYS0131,Fail,Pass,Fail,Failed,2026-07-08
CMP0345,SYS0336,Fail,Fail,Fail,Passed,2026-04-17
CMP0346,SYS0342,Fail,Pass,Fail,Passed,2025-10-30
CMP0347,SYS0339,Fail,Fail,Pass,Failed,2025-11-11
CMP0348,SYS0427,Fail,Pass,Fail,Failed,2026-01-06
CMP0349,SYS0425,Fail,Fail,Pass,Passed,2026-06-04
CMP0350,SYS0016,Fail,Fail,Fail,Failed,2025-07-27
CMP0351,SYS0003,Fail,Pass,Pass,Failed,2026-01-31
CMP0352,SYS0395,Pass,Fail,Fail,Passed,2026-03-18
CMP0353,SYS0447,Fail,Fail,Pass,Failed,2025-11-07
CMP0354,SYS0013,Fail,Fail,Pass,Failed,2025-07-31
CMP0355,SYS0370,Pass,Pass,Fail,Failed,2026-04-21
CMP0356,SYS0238,Pass,Pass,Pass,Failed,2025-09-24
CMP0357,SYS0101,Fail,Pass,Pass,Passed,2025-09-25
CMP0358,SYS0357,Fail,Fail,Pass,Failed,2025-10-12
CMP0359,SYS0465,Pass,Fail,Fail,Failed,2026-06-23
CMP0360,SYS0342,Pass,Pass,Pass,Passed,2026-01-25
CMP0361,SYS0216,Pass,Fail,Fail,Passed,2026-02-09
CMP0362,SYS0182,Pass,Pass,Pass,Failed,2026-03-19
CMP0363,SYS0176,Pass,Pass,Pass,Failed,2025-07-22
CMP0364,SYS0108,Fail,Pass,Pass,Passed,2026-03-22
CMP0365,SYS0466,Fail,Fail,Pass,Passed,2026-06-22
CMP0366,SYS0385,Fail,Fail,Pass,Passed,2025-11-15
CMP0367,SYS0409,Pass,Pass,Pass,Passed,2026-05-19
CMP0368,SYS0337,Fail,Pass,Fail,Passed,2026-05-29
CMP0369,SYS0206,Fail,Pass,Fail,Failed,2026-04-17
CMP0370,SYS0077,Fail,Fail,Pass,Failed,2025-09-23
CMP0371,SYS0057,Pass,Fail,Fail,Passed,2025-08-18
CMP0372,SYS0271,Pass,Fail,Fail,Failed,2025-10-31
CMP0373,SYS0176,Pass,Fail,Fail,Passed,2025-12-27
CMP0374,SYS0409,Pass,Pass,Fail,Passed,2025-08-28
CMP0375,SYS0041,Fail,Fail,Fail,Failed,2025-12-12
CMP0376,SYS0161,Pass,Fail,Pass,Failed,2026-06-21
CMP0377,SYS0070,Fail,Pass,Pass,Failed,2025-10-12
CMP0378,SYS0234,Pass,Pass,Fail,Failed,2026-05-15
CMP0379,SYS0198,Pass,Pass,Pass,Failed,2026-02-09
CMP0380,SYS0426,Fail,Fail,Fail,Passed,2026-04-21
CMP0381,SYS0390,Fail,Fail,Pass,Passed,2026-04-06
CMP0382,SYS0386,Fail,Pass,Fail,Passed,2025-09-14
CMP0383,SYS0262,Fail,Fail,Pass,Passed,2025-11-26
CMP0384,SYS0302,Pass,Fail,Pass,Passed,2026-06-14
CMP0385,SYS0309,Fail,Pass,Pass,Passed,2026-01-30
CMP0386,SYS0473,Fail,Pass,Fail,Failed,2026-05-15
CMP0387,SYS0482,Pass,Fail,Fail,Passed,2025-09-26
CMP0388,SYS0365,Fail,Pass,Pass,Failed,2025-11-30
CMP0389,SYS0226,Pass,Pass,Pass,Passed,2026-01-03
CMP0390,SYS0144,Pass,Pass,Fail,Failed,2026-01-19
CMP0391,SYS0436,Pass,Fail,Pass,Passed,2025-11-01
CMP0392,SYS0075,Fail,Pass,Fail,Failed,2025-11-06
CMP0393,SYS0188,Pass,Pass,Pass,Passed,2026-03-22
CMP0394,SYS0055,Pass,Fail,Pass,Failed,2025-09-10
CMP0395,SYS0186,Fail,Fail,Fail,Failed,2025-12-15
CMP0396,SYS0095,Pass,Pass,Fail,Failed,2025-10-13
CMP0397,SYS0303,Pass,Fail,Fail,Passed,2026-01-10
CMP0398,SYS0459,Pass,Pass,Fail,Passed,2026-03-10
CMP0399,SYS0224,Fail,Pass,Pass,Passed,2025-10-24
CMP0400,SYS0352,Pass,Fail,Fail,Passed,2026-02-21
CMP0401,SYS0348,Pass,Fail,Pass,Failed,2025-11-30
CMP0402,SYS0076,Pass,Fail,Pass,Failed,2025-11-27
CMP0403,SYS0463,Fail,Pass,Fail,Passed,2026-03-14
CMP0404,SYS0439,Pass,Pass,Fail,Passed,2026-06-04
CMP0405,SYS0351,Pass,Pass,Fail,Passed,2026-01-13
CMP0406,SYS0420,Pass,Pass,Pass,Passed,2026-03-21
CMP0407,SYS0204,Pass,Fail,Fail,Passed,2026-06-16
CMP0408,SYS0348,Fail,Fail,Fail,Passed,2026-02-03
CMP0409,SYS0396,Pass,Fail,Pass,Failed,2026-03-03
CMP0410,SYS0250,Pass,Fail,Fail,Failed,2026-03-24
CMP0411,SYS0436,Pass,Fail,Pass,Passed,2025-08-31
CMP0412,SYS0131,Fail,Fail,Pass,Passed,2026-01-03
CMP0413,SYS0415,Pass,Pass,Pass,Failed,2025-12-06
CMP0414,SYS0381,Pass,Fail,Pass,Passed,2025-11-20
CMP0415,SYS0382,Fail,Fail,Pass,Passed,2025-08-06
CMP0416,SYS0305,Fail,Fail,Fail,Failed,2026-06-02
CMP0417,SYS0025,Pass,Pass,Fail,Passed,2026-02-26
CMP0418,SYS0310,Pass,Fail,Fail,Failed,2026-07-11
CMP0419,SYS0348,Fail,Fail,Pass,Passed,2026-02-21
CMP0420,SYS0123,Fail,Pass,Pass,Passed,2025-12-13
CMP0421,SYS0455,Pass,Pass,Fail,Passed,2025-10-03
CMP0422,SYS0037,Pass,Fail,Pass,Passed,2025-11-04
CMP0423,SYS0126,Fail,Fail,Pass,Passed,2026-03-25
CMP0424,SYS0280,Fail,Pass,Pass,Passed,2025-09-24
CMP0425,SYS0051,Pass,Pass,Fail,Passed,2026-02-05
CMP0426,SYS0089,Pass,Pass,Pass,Failed,2025-10-20
CMP0427,SYS0268,Pass,Fail,Pass,Failed,2026-02-27
CMP0428,SYS0431,Pass,Pass,Pass,Failed,2025-07-20
CMP0429,SYS0126,Fail,Pass,Fail,Failed,2025-10-29
CMP0430,SYS0332,Fail,Fail,Fail,Passed,2025-07-17
CMP0431,SYS0024,Pass,Pass,Fail,Passed,2025-07-13
CMP0432,SYS0042,Fail,Pass,Pass,Failed,2025-10-30
CMP0433,SYS0468,Pass,Fail,Pass,Failed,2025-11-01
CMP0434,SYS0124,Fail,Fail,Pass,Failed,2026-06-21
CMP0435,SYS0054,Pass,Pass,Fail,Passed,2026-06-12
CMP0436,SYS0271,Fail,Pass,Pass,Passed,2025-10-31
CMP0437,SYS0319,Fail,Fail,Fail,Failed,2025-12-05
CMP0438,SYS0479,Fail,Fail,Fail,Passed,2025-11-12
CMP0439,SYS0316,Fail,Fail,Fail,Failed,2025-12-04
CMP0440,SYS0422,Pass,Pass,Fail,Failed,2025-09-12
CMP0441,SYS0256,Pass,Pass,Fail,Failed,2025-09-21
CMP0442,SYS0376,Pass,Fail,Pass,Failed,2026-03-28
CMP0443,SYS0124,Fail,Fail,Pass,Passed,2025-12-20
CMP0444,SYS0380,Fail,Fail,Fail,Passed,2025-12-28
CMP0445,SYS0482,Pass,Fail,Fail,Failed,2026-03-15
CMP0446,SYS0107,Fail,Pass,Pass,Failed,2025-10-07
CMP0447,SYS0383,Fail,Pass,Pass,Passed,2025-08-16
CMP0448,SYS0112,Fail,Fail,Pass,Failed,2025-09-11
CMP0449,SYS0153,Fail,Fail,Pass,Failed,2025-11-05
CMP0450,SYS0218,Pass,Pass,Pass,Failed,2026-04-30
CMP0451,SYS0488,Pass,Pass,Fail,Failed,2026-06-25
CMP0452,SYS0399,Pass,Fail,Pass,Passed,2026-07-10
CMP0453,SYS0192,Pass,Fail,Pass,Passed,2025-12-22
CMP0454,SYS0308,Fail,Fail,Pass,Failed,2026-01-03
CMP0455,SYS0135,Fail,Pass,Fail,Failed,2026-03-22
CMP0456,SYS0161,Fail,Fail,Fail,Passed,2026-07-02
CMP0457,SYS0111,Fail,Pass,Pass,Passed,2025-09-10
CMP0458,SYS0143,Pass,Fail,Pass,Failed,2026-03-14
CMP0459,SYS0374,Pass,Pass,Fail,Passed,2025-07-28
CMP0460,SYS0383,Pass,Pass,Pass,Failed,2025-12-05
CMP0461,SYS0479,Pass,Fail,Fail,Passed,2025-09-22
CMP0462,SYS0144,Pass,Pass,Fail,Passed,2025-08-19
CMP0463,SYS0194,Pass,Pass,Pass,Failed,2026-06-25
CMP0464,SYS0088,Pass,Pass,Fail,Failed,2025-11-18
CMP0465,SYS0064,Pass,Pass,Pass,Passed,2025-10-01
CMP0466,SYS0229,Fail,Pass,Fail,Failed,2025-08-10
CMP0467,SYS0347,Fail,Fail,Fail,Failed,2026-07-04
CMP0468,SYS0298,Fail,Pass,Fail,Passed,2025-10-11
CMP0469,SYS0477,Pass,Pass,Fail,Passed,2025-10-15
CMP0470,SYS0057,Fail,Fail,Fail,Failed,2025-12-19
CMP0471,SYS0183,Pass,Pass,Pass,Failed,2026-04-05
CMP0472,SYS0040,Fail,Pass,Fail,Failed,2025-11-01
CMP0473,SYS0442,Pass,Pass,Fail,Passed,2026-06-28
CMP0474,SYS0425,Pass,Pass,Fail,Failed,2026-05-15
CMP0475,SYS0427,Fail,Fail,Pass,Failed,2025-08-03
CMP0476,SYS0053,Fail,Fail,Fail,Passed,2026-03-21
CMP0477,SYS0250,Pass,Pass,Pass,Passed,2025-11-25
CMP0478,SYS0201,Pass,Pass,Pass,Passed,2026-04-12
CMP0479,SYS0330,Pass,Fail,Pass,Failed,2025-09-24
CMP0480,SYS0253,Fail,Pass,Pass,Passed,2026-04-22
CMP0481,SYS0200,Pass,Pass,Fail,Passed,2026-04-14
CMP0482,SYS0411,Pass,Pass,Fail,Failed,2025-09-01
CMP0483,SYS0138,Pass,Pass,Fail,Passed,2025-12-28
CMP0484,SYS0125,Fail,Pass,Fail,Failed,2026-02-21
CMP0485,SYS0191,Fail,Pass,Fail,Failed,2025-11-22
CMP0486,SYS0463,Pass,Pass,Pass,Failed,2026-05-12
CMP0487,SYS0436,Fail,Pass,Pass,Passed,2026-01-07
CMP0488,SYS0467,Fail,Fail,Pass,Failed,2026-01-19
CMP0489,SYS0415,Fail,Pass,Pass,Failed,2025-10-27
CMP0490,SYS0286,Pass,Fail,Fail,Failed,2025-09-21
CMP0491,SYS0460,Pass,Pass,Pass,Passed,2026-05-30
CMP0492,SYS0208,Pass,Pass,Fail,Passed,2025-08-07
CMP0493,SYS0293,Fail,Fail,Fail,Passed,2026-03-27
CMP0494,SYS0423,Pass,Fail,Fail,Passed,2026-07-06
CMP0495,SYS0049,Fail,Fail,Pass,Passed,2025-11-17
CMP0496,SYS0309,Pass,Pass,Fail,Failed,2026-02-20
CMP0497,SYS0267,Fail,Pass,Fail,Failed,2026-03-13
CMP0498,SYS0186,Fail,Pass,Fail,Passed,2026-05-25
CMP0499,SYS0288,Pass,Pass,Fail,Failed,2025-09-14
CMP0500,SYS0326,Pass,Fail,Pass,Failed,2026-03-05
