Project_ID,Project_Name,Manager,Budget,Spent,Completion,Start_Date,End_Date,Status
PRJ001,Automation Project 1,Kathryn Sherman,915154,843830,87,2026-06-12,2026-08-06,Planning
PRJ002,Automation Project 2,David Baker,924629,544106,90,2024-11-15,2026-07-17,Planning
PRJ003,Automation Project 3,Ryan Black,821484,634437,55,2025-02-22,2026-09-03,Planning
PRJ004,Automation Project 4,Lisa Foley,606799,300496,94,2025-11-17,2027-05-06,Planning
PRJ005,Automation Project 5,Christina Ortiz,664357,413974,20,2026-05-25,2026-12-18,Running
PRJ006,Automation Project 6,Colleen Brooks,468758,251078,34,2026-04-23,2027-04-06,Running
PRJ007,Automation Project 7,Ryan Davis,138838,129300,19,2025-04-27,2026-12-25,Completed
PRJ008,Automation Project 8,Heather Shaffer,933393,421214,75,2026-04-27,2027-01-06,Planning
PRJ009,Automation Project 9,Rachael Collins,461038,231569,79,2025-05-10,2027-06-05,Completed
PRJ010,Automation Project 10,Kenneth Campbell,182893,75018,51,2025-07-04,2026-12-20,Running
PRJ011,Automation Project 11,Lori Martinez,373229,192212,89,2024-09-29,2027-01-24,Running
PRJ012,Automation Project 12,Kyle Walker,801577,433511,41,2026-04-28,2027-06-21,Completed
PRJ013,Automation Project 13,Jaime Salas,798776,172655,60,2024-07-19,2026-09-19,Planning
PRJ014,Automation Project 14,Tyler Williams,778022,565791,70,2024-08-16,2027-02-09,Planning
PRJ015,Automation Project 15,Jennifer Carson,153035,87362,11,2025-03-27,2027-01-26,Completed
PRJ016,Automation Project 16,Emily Owens,357771,56606,49,2025-10-25,2026-09-11,Running
PRJ017,Automation Project 17,Nathan Stevens,426902,111462,79,2025-01-25,2027-01-06,Running
PRJ018,Automation Project 18,Kim Krueger,119267,82590,87,2025-12-25,2027-05-21,Completed
PRJ019,Automation Project 19,Ruben Martin,672450,206878,32,2025-07-02,2026-10-20,Planning
PRJ020,Automation Project 20,Kelly Espinoza,943340,615840,13,2025-01-28,2026-09-08,Completed
PRJ021,Automation Project 21,Austin Duncan,319158,250602,60,2024-11-20,2027-01-13,Planning
PRJ022,Automation Project 22,Kelly Murray,904446,824284,15,2026-03-24,2026-09-23,Planning
PRJ023,Automation Project 23,Melissa Brown,638697,439804,79,2025-12-01,2026-07-29,Completed
PRJ024,Automation Project 24,Christopher Medina,518738,408871,45,2025-12-18,2027-04-10,Completed
PRJ025,Automation Project 25,Savannah Ward,827054,72063,94,2024-11-11,2027-05-14,Running
PRJ026,Automation Project 26,Eduardo Molina,660126,616739,11,2025-01-08,2026-07-17,Planning
PRJ027,Automation Project 27,Christina Massey,510771,218661,30,2024-09-04,2027-05-01,Completed
PRJ028,Automation Project 28,Anthony Lopez,831711,404362,21,2025-11-01,2026-10-31,Running
PRJ029,Automation Project 29,Michael Hanson,396206,279286,100,2026-01-17,2026-12-05,Completed
PRJ030,Automation Project 30,Robert Horton,316684,156809,40,2026-02-05,2027-01-07,Running
PRJ031,Automation Project 31,Nina Bishop,855848,487805,26,2025-05-13,2026-08-30,Planning
PRJ032,Automation Project 32,Rebecca Stevens,158189,74887,87,2025-03-01,2027-03-25,Running
PRJ033,Automation Project 33,Michael Olson,414552,188227,12,2024-08-20,2027-04-08,Completed
PRJ034,Automation Project 34,Paul Willis,631867,106016,65,2025-05-22,2026-10-14,Running
PRJ035,Automation Project 35,Jeremy Walton,144639,116268,87,2026-03-28,2026-11-13,Completed
PRJ036,Automation Project 36,Julia Moore,606428,94627,86,2025-06-11,2027-01-11,Planning
PRJ037,Automation Project 37,Bonnie Combs,143019,139063,25,2024-10-01,2027-04-02,Completed
PRJ038,Automation Project 38,Jordan Gross,833260,695014,21,2024-11-01,2026-12-28,Completed
PRJ039,Automation Project 39,Kathryn Norton,979855,808000,98,2024-11-06,2027-05-20,Completed
PRJ040,Automation Project 40,Barbara Howard,395853,166579,20,2025-05-06,2026-10-29,Planning
PRJ041,Automation Project 41,Wesley Jackson,309392,228454,28,2025-03-04,2026-08-14,Running
PRJ042,Automation Project 42,Sandra Grant,496961,102565,22,2025-11-05,2027-04-13,Running
PRJ043,Automation Project 43,Laura Wright,663204,339068,80,2025-03-28,2027-04-25,Running
PRJ044,Automation Project 44,Shelly Webster,688122,99330,53,2025-07-21,2026-09-23,Planning
PRJ045,Automation Project 45,Anthony Coffey,939219,468739,40,2024-09-30,2027-04-18,Planning
PRJ046,Automation Project 46,Penny Reyes,790109,175100,24,2024-08-11,2026-09-18,Completed
PRJ047,Automation Project 47,Christine Garcia,788073,472867,14,2025-03-28,2026-12-31,Running
PRJ048,Automation Project 48,Tracy Lowe,576915,216652,28,2024-07-22,2027-03-29,Planning
PRJ049,Automation Project 49,Jennifer Lopez,428769,168431,86,2025-08-18,2026-11-09,Running
PRJ050,Automation Project 50,Ann Frye,811060,57350,70,2026-02-19,2027-05-18,Running
PRJ051,Automation Project 51,Michael Griffin,385880,240504,45,2025-10-30,2027-05-15,Running
PRJ052,Automation Project 52,Teresa Erickson,603576,109459,78,2025-10-14,2027-03-30,Completed
PRJ053,Automation Project 53,Dustin Williams,811890,194270,91,2024-11-08,2027-06-01,Planning
PRJ054,Automation Project 54,Kelsey Jenkins,183810,166337,18,2025-05-31,2026-12-25,Running
PRJ055,Automation Project 55,Jeffrey Diaz,509365,441065,19,2024-11-04,2026-10-11,Completed
PRJ056,Automation Project 56,Samantha Miller,700094,405423,41,2024-11-09,2026-07-15,Completed
PRJ057,Automation Project 57,Terri Contreras,385526,270842,72,2025-06-11,2027-07-09,Running
PRJ058,Automation Project 58,Nicholas Bryan,528001,119347,62,2026-03-05,2026-07-26,Planning
PRJ059,Automation Project 59,Kimberly Williams,360253,221293,99,2026-02-10,2027-01-27,Completed
PRJ060,Automation Project 60,Hayden Black Jr.,494187,51455,56,2025-02-26,2027-03-23,Planning
PRJ061,Automation Project 61,Stephen Jacobs,114270,59035,59,2026-04-19,2026-11-19,Planning
PRJ062,Automation Project 62,Anthony Howard,875802,610590,48,2025-12-22,2026-12-28,Planning
PRJ063,Automation Project 63,William Daniels,236042,148034,72,2026-01-26,2026-10-08,Completed
PRJ064,Automation Project 64,Wendy Taylor,570207,53113,37,2026-02-28,2026-09-16,Running
PRJ065,Automation Project 65,Tammy Morgan,642047,470777,16,2024-12-25,2026-12-10,Running
PRJ066,Automation Project 66,Matthew Wilkinson,952073,104351,60,2024-07-23,2027-03-16,Planning
PRJ067,Automation Project 67,Charles Nguyen,143547,101934,60,2025-08-21,2026-07-19,Planning
PRJ068,Automation Project 68,William Flores,555053,484757,11,2025-05-05,2026-10-23,Running
PRJ069,Automation Project 69,Scott Pratt,146154,66943,77,2025-01-24,2027-06-22,Completed
PRJ070,Automation Project 70,Randy Thompson,191991,162442,44,2024-07-25,2027-03-25,Planning
PRJ071,Automation Project 71,Sara Fernandez,754148,621493,85,2026-01-09,2026-10-17,Planning
PRJ072,Automation Project 72,Marc Murphy,111480,106333,37,2024-09-12,2026-12-21,Completed
PRJ073,Automation Project 73,Mark Chapman,145929,127642,25,2026-04-26,2027-01-17,Planning
PRJ074,Automation Project 74,Jennifer Pearson,161553,155577,40,2024-08-02,2026-11-16,Completed
PRJ075,Automation Project 75,Mark Clay,130212,68764,56,2025-07-29,2027-02-25,Planning
PRJ076,Automation Project 76,Bernard Turner,124437,84379,53,2026-04-05,2027-04-01,Planning
PRJ077,Automation Project 77,Nicole Wilkerson,822007,259747,68,2025-10-15,2026-11-17,Running
PRJ078,Automation Project 78,Regina Blake,696035,540199,99,2024-09-01,2027-03-20,Completed
PRJ079,Automation Project 79,Jeffrey James,484479,171249,24,2026-05-23,2027-06-13,Completed
PRJ080,Automation Project 80,Ronald Tucker MD,780806,245740,60,2024-11-17,2026-07-15,Planning
PRJ081,Automation Project 81,Sara Hopkins,151945,131694,78,2025-03-01,2026-08-17,Running
PRJ082,Automation Project 82,Kathy Rosario,145086,67438,69,2026-05-28,2026-09-26,Running
PRJ083,Automation Project 83,Diane Smith,954303,566944,47,2024-11-06,2027-02-14,Completed
PRJ084,Automation Project 84,Gary Cooper,437306,185155,44,2024-09-19,2026-09-29,Completed
PRJ085,Automation Project 85,Connor Chapman,719221,193720,15,2024-11-22,2027-01-08,Running
PRJ086,Automation Project 86,Sylvia Parker,399714,341942,87,2025-01-16,2027-06-07,Running
PRJ087,Automation Project 87,Fernando Gonzales,827172,349172,52,2024-11-21,2027-01-26,Planning
PRJ088,Automation Project 88,Michelle Munoz,638752,144962,25,2025-11-02,2026-07-21,Completed
PRJ089,Automation Project 89,Diane Nguyen,117081,65830,80,2025-05-09,2027-03-19,Completed
PRJ090,Automation Project 90,Shirley Schneider,508199,232379,90,2026-03-14,2026-11-23,Running
PRJ091,Automation Project 91,Jessica Thompson,655108,271628,46,2024-10-25,2027-07-09,Running
PRJ092,Automation Project 92,Elizabeth Arnold,899108,396209,60,2025-05-30,2026-11-07,Running
PRJ093,Automation Project 93,Allison Lee,264521,94007,86,2026-01-30,2026-12-23,Completed
PRJ094,Automation Project 94,Joseph Yates,489016,128332,25,2025-06-05,2026-11-21,Running
PRJ095,Automation Project 95,Kristy Mata,746479,569088,16,2024-10-13,2026-10-12,Running
PRJ096,Automation Project 96,Heather Johnson,833385,477191,58,2025-04-01,2026-08-18,Planning
PRJ097,Automation Project 97,Rachel Weaver,346136,264113,23,2025-07-24,2027-03-19,Running
PRJ098,Automation Project 98,Christian Brown,981177,196318,49,2025-01-12,2027-03-01,Completed
PRJ099,Automation Project 99,Brad Jordan,543607,65982,67,2025-09-30,2027-06-25,Planning
PRJ100,Automation Project 100,Molly Lawrence,410727,285357,91,2025-07-22,2026-12-13,Planning
PRJ101,Automation Project 101,John Sullivan,894578,492078,61,2024-09-02,2027-03-12,Planning
PRJ102,Automation Project 102,Lindsey Smith,237449,101574,55,2024-07-17,2026-09-18,Planning
PRJ103,Automation Project 103,Luke Jenkins,483749,314224,56,2025-10-02,2027-02-11,Planning
PRJ104,Automation Project 104,Marissa Wolf,174455,99081,35,2024-09-29,2027-05-10,Completed
PRJ105,Automation Project 105,Benjamin Tyler,104580,54446,66,2024-09-24,2026-12-30,Planning
PRJ106,Automation Project 106,William Lawson,812392,811093,91,2025-04-17,2026-09-01,Planning
PRJ107,Automation Project 107,Carrie Smith DVM,543715,310597,22,2025-04-25,2026-09-29,Running
PRJ108,Automation Project 108,Stephen Johnson,543806,78295,54,2025-04-05,2027-04-28,Completed
PRJ109,Automation Project 109,Maria Anderson,561412,349935,17,2025-12-21,2026-11-07,Running
PRJ110,Automation Project 110,Wesley Luna,235212,96987,42,2025-12-26,2027-05-02,Running
PRJ111,Automation Project 111,Christopher Hodges,178699,77418,41,2025-09-28,2026-09-22,Completed
PRJ112,Automation Project 112,Michael Carpenter,442252,211266,66,2025-10-30,2026-11-03,Completed
PRJ113,Automation Project 113,Johnny Allen,378237,79682,100,2025-07-11,2027-01-17,Running
PRJ114,Automation Project 114,James Sexton,377048,241557,37,2024-09-05,2027-02-18,Planning
PRJ115,Automation Project 115,Dawn Turner,813041,385412,98,2024-11-15,2026-07-24,Running
PRJ116,Automation Project 116,David West,711869,107057,50,2026-02-08,2026-11-17,Completed
PRJ117,Automation Project 117,Peter Jones,582591,179088,83,2025-12-26,2027-05-16,Completed
PRJ118,Automation Project 118,April Gonzalez,183835,154296,65,2024-10-25,2027-04-19,Completed
PRJ119,Automation Project 119,Michael Moore,414933,262135,84,2025-10-15,2026-07-21,Planning
PRJ120,Automation Project 120,Vincent Fowler,550557,223066,59,2025-08-17,2026-10-06,Planning
PRJ121,Automation Project 121,Robin Ramirez,680626,296469,34,2024-12-13,2026-08-22,Running
PRJ122,Automation Project 122,Justin Henry,848141,686772,73,2026-06-03,2027-02-06,Running
PRJ123,Automation Project 123,David Hutchinson,757668,753125,81,2026-04-18,2026-12-26,Running
PRJ124,Automation Project 124,Emily Hensley,515223,336753,10,2025-01-08,2027-06-13,Running
PRJ125,Automation Project 125,Richard Knight,820020,541475,16,2025-09-26,2027-04-26,Planning
PRJ126,Automation Project 126,Jennifer Rice,354685,300750,70,2025-01-20,2026-07-29,Completed
PRJ127,Automation Project 127,Bailey West,193010,192098,43,2026-03-02,2026-12-26,Planning
PRJ128,Automation Project 128,Matthew Arnold,997097,56269,92,2026-01-09,2026-10-20,Planning
PRJ129,Automation Project 129,Timothy Perry,691042,244624,30,2026-02-23,2026-12-30,Planning
PRJ130,Automation Project 130,Kevin Jenkins,732784,427362,65,2026-02-10,2027-03-29,Running
PRJ131,Automation Project 131,Tina Jones,353645,163777,34,2026-05-07,2026-07-27,Planning
PRJ132,Automation Project 132,Benjamin Wall,823730,790785,87,2025-11-17,2027-02-25,Completed
PRJ133,Automation Project 133,Joseph Lambert,602328,273033,97,2024-11-01,2027-06-10,Planning
PRJ134,Automation Project 134,Roy Wise,320550,262269,47,2025-03-07,2026-10-02,Running
PRJ135,Automation Project 135,Angela Rivera,141857,74385,81,2024-10-02,2026-12-07,Planning
PRJ136,Automation Project 136,Kathy Becker,437809,175867,30,2025-12-01,2027-06-03,Running
PRJ137,Automation Project 137,Thomas Roberts,942944,532543,58,2025-10-16,2027-03-03,Completed
PRJ138,Automation Project 138,Brian Brock,722580,245907,43,2025-09-19,2026-12-19,Planning
PRJ139,Automation Project 139,Gabrielle Mckay,560635,298196,40,2026-05-27,2026-08-27,Completed
PRJ140,Automation Project 140,Denise Stewart,843554,217199,38,2024-09-23,2027-04-17,Completed
PRJ141,Automation Project 141,Ashley Fisher,660901,404573,93,2026-03-09,2027-04-29,Planning
PRJ142,Automation Project 142,Alexander Buckley,149004,67912,40,2024-11-15,2026-11-12,Completed
PRJ143,Automation Project 143,Yvonne Fuentes,291219,55686,83,2025-09-28,2026-07-19,Planning
PRJ144,Automation Project 144,William Osborn PhD,363572,50069,18,2024-10-05,2027-04-05,Running
PRJ145,Automation Project 145,Austin Adkins,746811,248074,39,2024-10-01,2027-05-13,Planning
PRJ146,Automation Project 146,Philip Morales,641343,342448,47,2025-10-26,2026-09-18,Planning
PRJ147,Automation Project 147,Mr. Philip Jensen MD,322736,205672,73,2026-02-19,2027-02-04,Completed
PRJ148,Automation Project 148,Samuel Ross,174031,129252,85,2025-01-17,2026-10-13,Completed
PRJ149,Automation Project 149,Taylor Cole,256605,209411,11,2024-09-18,2027-04-09,Completed
PRJ150,Automation Project 150,Daniel Goodwin,606746,397497,51,2025-04-19,2027-01-16,Planning
PRJ151,Automation Project 151,Gregory Cunningham,444201,190891,98,2025-05-02,2026-12-04,Running
PRJ152,Automation Project 152,Billy Vasquez,232998,151975,17,2024-10-17,2027-06-22,Running
PRJ153,Automation Project 153,Christine Miles,439327,278808,82,2026-01-07,2026-10-09,Completed
PRJ154,Automation Project 154,Anthony Cuevas,738951,702566,18,2026-05-17,2026-08-11,Planning
PRJ155,Automation Project 155,Raymond Walker,677885,281879,25,2024-08-05,2026-09-07,Planning
PRJ156,Automation Project 156,Jeffrey Ortiz,103963,96964,60,2026-06-13,2027-05-15,Running
PRJ157,Automation Project 157,Christopher Clark,357797,161906,96,2024-08-24,2026-12-10,Planning
PRJ158,Automation Project 158,Jennifer Lowe,293257,252757,65,2024-10-29,2026-10-26,Completed
PRJ159,Automation Project 159,Diana Gilmore,859909,207860,26,2026-01-31,2027-06-11,Running
PRJ160,Automation Project 160,Isaiah Phillips,571230,295072,69,2025-07-06,2027-04-06,Planning
PRJ161,Automation Project 161,Jennifer Hernandez,313649,89548,63,2024-11-24,2026-12-12,Completed
PRJ162,Automation Project 162,Andrew Price,630822,85410,60,2025-09-03,2026-12-08,Running
PRJ163,Automation Project 163,Christopher Daniels,413249,300684,13,2025-11-01,2027-02-17,Running
PRJ164,Automation Project 164,John Pennington,103616,63587,81,2026-01-26,2027-02-19,Running
PRJ165,Automation Project 165,Jill Jones,154903,81200,58,2026-04-08,2026-10-09,Planning
PRJ166,Automation Project 166,Emily Burton,451333,372102,50,2025-03-09,2027-04-26,Planning
PRJ167,Automation Project 167,Joshua Duncan,754211,577877,48,2024-07-13,2026-09-05,Planning
PRJ168,Automation Project 168,Seth Crosby,760785,351637,20,2026-03-21,2027-02-13,Completed
PRJ169,Automation Project 169,Miranda Hunt,964122,89419,91,2026-05-18,2026-11-01,Running
PRJ170,Automation Project 170,Austin Johnson,929513,792454,48,2026-06-07,2027-06-24,Completed
PRJ171,Automation Project 171,Pamela Martinez DVM,156251,67337,73,2025-11-17,2027-02-05,Running
PRJ172,Automation Project 172,Susan Caldwell,119401,106928,70,2026-06-13,2027-06-25,Running
PRJ173,Automation Project 173,Anne Simmons,630935,225116,64,2025-01-30,2026-08-10,Running
PRJ174,Automation Project 174,Madison Torres,540661,122204,57,2024-10-12,2027-01-24,Completed
PRJ175,Automation Project 175,Ms. Kristie Velasquez,102537,78160,30,2026-03-06,2027-03-22,Planning
PRJ176,Automation Project 176,Charles Garza,983708,91953,41,2025-06-30,2027-03-04,Completed
PRJ177,Automation Project 177,Terry Fox,524503,150091,75,2024-08-13,2026-07-26,Completed
PRJ178,Automation Project 178,Stephen Cummings,474163,382552,61,2026-01-01,2026-12-12,Running
PRJ179,Automation Project 179,Jeremy West,531618,432168,19,2024-09-24,2027-07-03,Running
PRJ180,Automation Project 180,Robert Huang,701543,519569,44,2024-10-07,2027-07-04,Running
PRJ181,Automation Project 181,Jodi Stewart,723915,559294,92,2025-06-19,2026-11-12,Completed
PRJ182,Automation Project 182,Melissa Mills,319011,104781,76,2025-12-11,2026-08-26,Planning
PRJ183,Automation Project 183,Pamela Nguyen,715592,648456,96,2025-11-29,2026-09-07,Running
PRJ184,Automation Project 184,Maria Craig,884923,652213,79,2026-01-17,2027-03-09,Completed
PRJ185,Automation Project 185,Larry Rivera,391290,363606,19,2025-06-08,2026-08-08,Running
PRJ186,Automation Project 186,Charles Sellers,727826,580669,64,2025-02-10,2027-04-01,Planning
PRJ187,Automation Project 187,Bethany Murphy,717902,700348,50,2026-01-16,2026-11-06,Running
PRJ188,Automation Project 188,Timothy Johnson,114896,106804,46,2025-10-24,2027-02-17,Completed
PRJ189,Automation Project 189,Edwin Lawson,836310,743988,36,2025-12-14,2027-05-13,Planning
PRJ190,Automation Project 190,Tammy Stanley,963550,487199,65,2026-03-10,2027-06-05,Running
PRJ191,Automation Project 191,Christopher Ferguson,326993,116877,26,2025-03-23,2027-06-19,Completed
PRJ192,Automation Project 192,Daniel Brown,333236,184878,58,2025-05-26,2027-07-12,Planning
PRJ193,Automation Project 193,Jeffrey Bishop,237114,76435,30,2025-04-05,2026-08-26,Completed
PRJ194,Automation Project 194,Lorraine Dougherty,674674,664175,100,2025-03-15,2027-01-26,Completed
PRJ195,Automation Project 195,Brett Sanchez,944713,732535,19,2024-10-11,2027-06-18,Completed
PRJ196,Automation Project 196,John Mejia,209397,136388,88,2026-06-04,2026-12-04,Running
PRJ197,Automation Project 197,Wendy Adams,689703,405922,39,2025-05-29,2027-02-04,Running
PRJ198,Automation Project 198,Amanda Price,117074,50535,99,2024-08-17,2027-03-24,Planning
PRJ199,Automation Project 199,Cathy Armstrong,291315,229583,67,2026-03-03,2026-12-31,Running
PRJ200,Automation Project 200,Joseph Taylor,877322,782966,30,2024-10-25,2027-04-09,Planning
PRJ201,Automation Project 201,Christian Jackson Jr.,302488,264072,85,2024-09-22,2027-01-13,Completed
PRJ202,Automation Project 202,Tonya Jenkins,837357,368961,73,2025-12-07,2026-08-05,Running
PRJ203,Automation Project 203,Mary Hubbard,281010,266717,91,2025-05-16,2026-10-23,Planning
PRJ204,Automation Project 204,Michael Manning,457572,258504,69,2024-09-29,2026-11-24,Completed
PRJ205,Automation Project 205,Benjamin Diaz,628498,565579,18,2025-01-05,2026-07-17,Completed
PRJ206,Automation Project 206,Brent Johnson PhD,911966,575532,77,2025-06-03,2027-02-28,Planning
PRJ207,Automation Project 207,Marvin Jennings,235022,103747,67,2026-03-07,2026-11-24,Completed
PRJ208,Automation Project 208,James Kim,774192,622560,93,2025-10-04,2027-06-28,Running
PRJ209,Automation Project 209,Andrew Nguyen,160616,93231,94,2025-07-16,2026-08-14,Completed
PRJ210,Automation Project 210,Javier Bishop,989003,354216,18,2025-04-22,2027-03-27,Running
PRJ211,Automation Project 211,Jason Rogers,647520,101879,59,2025-05-21,2027-01-20,Completed
PRJ212,Automation Project 212,Jackson Phillips,180777,179426,35,2025-03-11,2027-07-08,Completed
PRJ213,Automation Project 213,Randy Jenkins,858473,317825,83,2024-08-07,2026-09-22,Completed
PRJ214,Automation Project 214,Tiffany Cole,488054,260141,49,2024-07-22,2026-09-29,Running
PRJ215,Automation Project 215,Kelli Edwards DDS,883908,652883,86,2025-02-03,2027-01-27,Completed
PRJ216,Automation Project 216,Jaclyn Bowman,384183,255214,13,2025-01-20,2026-12-06,Completed
PRJ217,Automation Project 217,Ebony Sweeney,440333,320172,64,2025-10-04,2026-08-26,Completed
PRJ218,Automation Project 218,Ruth Fowler,565381,376910,44,2025-07-29,2026-10-19,Completed
PRJ219,Automation Project 219,Brian Finley,912692,885484,59,2026-03-09,2026-10-26,Planning
PRJ220,Automation Project 220,Michael Chapman,811218,617884,40,2026-01-25,2026-08-12,Planning
PRJ221,Automation Project 221,William White,997912,701056,66,2024-08-07,2027-02-21,Planning
PRJ222,Automation Project 222,Kathryn Ruiz,311110,153539,25,2026-04-06,2027-01-26,Planning
PRJ223,Automation Project 223,Jon Barron,980185,619380,17,2024-12-17,2026-11-23,Completed
PRJ224,Automation Project 224,Joseph Castillo,247543,159361,20,2025-09-26,2026-10-07,Running
PRJ225,Automation Project 225,Jessica Fox,520244,119420,10,2025-01-26,2026-10-12,Planning
PRJ226,Automation Project 226,Mackenzie Landry,539033,219162,55,2026-02-27,2027-03-10,Running
PRJ227,Automation Project 227,Vicki Baker,868034,521459,97,2024-10-12,2027-01-28,Completed
PRJ228,Automation Project 228,Robert Howard,526090,195638,52,2025-04-30,2027-05-29,Running
PRJ229,Automation Project 229,Misty Campbell,797837,598131,61,2025-05-23,2027-02-03,Running
PRJ230,Automation Project 230,Charles Bailey,443700,237943,73,2025-05-25,2027-06-19,Running
PRJ231,Automation Project 231,Tracy Rasmussen,204727,95127,42,2025-09-11,2027-04-27,Running
PRJ232,Automation Project 232,Monica Torres,551887,193968,10,2025-04-12,2027-03-30,Planning
PRJ233,Automation Project 233,Caroline Hill,154843,100648,77,2025-01-14,2026-11-12,Running
PRJ234,Automation Project 234,Tyler Lewis,453976,323164,63,2026-05-01,2026-12-19,Completed
PRJ235,Automation Project 235,Susan Miller,997409,189242,47,2024-10-11,2027-04-17,Completed
PRJ236,Automation Project 236,John Gardner,160282,96846,19,2026-01-08,2027-05-06,Running
PRJ237,Automation Project 237,Katrina Peterson,501200,235021,42,2024-07-13,2027-02-03,Running
PRJ238,Automation Project 238,Joseph Brown,211685,90345,32,2025-05-30,2027-02-16,Running
PRJ239,Automation Project 239,Joyce Wang,417232,186321,18,2025-12-10,2026-09-20,Completed
PRJ240,Automation Project 240,Annette Reynolds,717326,691332,70,2025-10-28,2026-09-07,Running
PRJ241,Automation Project 241,Jennifer Guerrero,105178,59418,35,2025-03-31,2027-03-10,Planning
PRJ242,Automation Project 242,Jody Prince,654994,476283,78,2025-12-08,2027-04-23,Running
PRJ243,Automation Project 243,Thomas Wall,117813,117182,39,2026-04-19,2027-02-09,Running
PRJ244,Automation Project 244,Alexis Sanchez,960442,542780,15,2025-12-13,2027-01-19,Completed
PRJ245,Automation Project 245,John Mack,166608,109327,12,2025-06-14,2027-03-10,Planning
PRJ246,Automation Project 246,Timothy Tucker,528038,151704,15,2025-05-19,2026-11-19,Completed
PRJ247,Automation Project 247,Kristin Carpenter,412789,190394,29,2026-03-25,2026-08-27,Planning
PRJ248,Automation Project 248,Amanda Wang,637599,481187,17,2024-10-17,2027-05-01,Planning
PRJ249,Automation Project 249,Samantha Clark,147418,140922,52,2026-04-15,2027-01-22,Completed
PRJ250,Automation Project 250,Ryan Stokes,150867,120851,88,2026-05-31,2026-10-11,Completed
PRJ251,Automation Project 251,Ryan Nelson,660646,284187,13,2026-05-21,2026-12-25,Completed
PRJ252,Automation Project 252,Gail Morrison,914595,341480,18,2025-09-02,2026-12-12,Planning
PRJ253,Automation Project 253,Steven Mora,382187,353241,11,2025-04-23,2027-06-12,Completed
PRJ254,Automation Project 254,Stacy King,907569,504304,91,2024-10-09,2026-12-13,Planning
PRJ255,Automation Project 255,Joseph Andersen,963683,686907,70,2025-07-22,2027-06-17,Completed
PRJ256,Automation Project 256,Hannah Hopkins,608340,560634,27,2026-03-06,2026-10-16,Running
PRJ257,Automation Project 257,Tonya Leach,452987,130140,81,2025-12-30,2026-10-17,Running
PRJ258,Automation Project 258,Anna Walker,214835,104983,56,2026-05-05,2027-06-07,Running
PRJ259,Automation Project 259,Steven Scott,738994,333431,77,2025-04-10,2026-09-19,Planning
PRJ260,Automation Project 260,Steve Green,413339,216604,15,2025-07-10,2027-02-27,Running
PRJ261,Automation Project 261,Cheyenne Smith,314584,235565,58,2025-04-22,2027-04-18,Completed
PRJ262,Automation Project 262,Jeffrey Wilson,616049,363686,75,2025-02-20,2026-12-30,Planning
PRJ263,Automation Project 263,Stephen Rangel,700872,387503,73,2026-05-14,2027-01-05,Completed
PRJ264,Automation Project 264,Joe Blair,770206,283593,83,2026-04-04,2027-04-19,Running
PRJ265,Automation Project 265,Charles Potter,809708,69753,53,2026-01-27,2027-05-06,Completed
PRJ266,Automation Project 266,Aimee Mullen,968626,708439,80,2025-02-14,2027-04-22,Planning
PRJ267,Automation Project 267,Linda Miller,247173,222454,65,2026-01-30,2026-12-23,Planning
PRJ268,Automation Project 268,David Meyers,276775,238016,88,2025-12-24,2027-03-24,Running
PRJ269,Automation Project 269,Matthew Moore,383393,127143,93,2025-01-18,2026-07-29,Planning
PRJ270,Automation Project 270,Ms. Katherine Clayton MD,940361,294599,21,2025-11-10,2027-02-05,Running
PRJ271,Automation Project 271,Janet Dorsey,656213,196708,52,2026-01-24,2026-11-01,Completed
PRJ272,Automation Project 272,Alexa Burch,393985,370090,12,2024-07-25,2026-11-10,Running
PRJ273,Automation Project 273,Ross Price,300498,271350,49,2025-01-29,2026-12-03,Planning
PRJ274,Automation Project 274,Michael White,142854,79800,22,2026-05-14,2027-03-04,Completed
PRJ275,Automation Project 275,Alex Lozano,880247,511392,95,2025-08-28,2026-08-28,Running
PRJ276,Automation Project 276,Anthony West,594052,349581,78,2024-11-18,2027-02-09,Running
PRJ277,Automation Project 277,Monica Fleming,582634,430186,88,2025-06-26,2026-10-29,Running
PRJ278,Automation Project 278,Timothy Mcgrath,219200,130940,18,2025-07-18,2027-06-06,Completed
PRJ279,Automation Project 279,Suzanne Andrews,546023,436827,44,2026-02-12,2027-01-10,Completed
PRJ280,Automation Project 280,Eric Robinson,648070,216688,35,2025-12-18,2026-10-20,Planning
PRJ281,Automation Project 281,Scott Wade,625190,597338,26,2025-05-16,2026-10-09,Completed
PRJ282,Automation Project 282,Natalie Whitehead,435544,386271,76,2025-04-17,2027-04-08,Running
PRJ283,Automation Project 283,Patrick Nguyen,830156,589285,45,2026-01-11,2027-05-01,Planning
PRJ284,Automation Project 284,Olivia Rodriguez,698266,490700,30,2025-11-08,2026-09-27,Planning
PRJ285,Automation Project 285,Susan Simmons,778117,280459,31,2025-12-08,2026-08-28,Running
PRJ286,Automation Project 286,Aaron Hall,132640,97263,80,2025-06-27,2027-02-19,Running
PRJ287,Automation Project 287,Stacy Williams,851232,702959,45,2025-11-11,2027-04-10,Planning
PRJ288,Automation Project 288,Rebecca Francis,581554,490391,71,2026-03-24,2026-11-02,Running
PRJ289,Automation Project 289,Kevin Chaney Jr.,641436,269977,22,2025-02-20,2026-07-22,Running
PRJ290,Automation Project 290,Dr. Benjamin Smith,301819,233446,10,2025-07-11,2027-02-15,Running
PRJ291,Automation Project 291,Emily Smith,522424,145312,85,2024-08-24,2027-01-04,Planning
PRJ292,Automation Project 292,Andrea Moore,789127,723439,97,2026-04-21,2026-12-05,Planning
PRJ293,Automation Project 293,Aaron Johnson,489577,98377,77,2025-07-18,2027-04-18,Planning
PRJ294,Automation Project 294,Heather Pittman,591508,574972,29,2024-11-17,2026-10-13,Running
PRJ295,Automation Project 295,Elizabeth Hernandez,916777,203806,58,2025-06-12,2027-04-12,Running
PRJ296,Automation Project 296,Megan Galloway,961617,406396,82,2024-09-08,2027-05-03,Running
PRJ297,Automation Project 297,Jamie Hall,534445,376556,80,2025-05-06,2027-04-18,Completed
PRJ298,Automation Project 298,Colleen Contreras,976583,74540,63,2024-11-23,2027-07-10,Planning
PRJ299,Automation Project 299,Maureen Clark,347009,120001,68,2025-04-24,2027-04-18,Completed
PRJ300,Automation Project 300,Donald Moreno,251426,107688,93,2026-01-23,2027-03-27,Running
PRJ301,Automation Project 301,Anthony Jones,224829,168046,89,2024-11-06,2026-11-26,Completed
PRJ302,Automation Project 302,Brenda Gomez,707410,78285,29,2026-04-05,2027-04-05,Planning
PRJ303,Automation Project 303,Matthew Campbell,339074,297215,96,2025-03-21,2026-11-27,Completed
PRJ304,Automation Project 304,James Flores,159364,54707,100,2025-09-07,2027-05-11,Running
PRJ305,Automation Project 305,Marc Rodriguez,431725,192990,79,2024-08-24,2026-07-24,Completed
PRJ306,Automation Project 306,Mark Mccarty,768742,519784,17,2025-05-15,2027-03-07,Completed
PRJ307,Automation Project 307,Jamie Scott,679012,344196,69,2025-08-11,2026-12-19,Running
PRJ308,Automation Project 308,Elizabeth Perkins,709143,388648,100,2025-06-17,2027-05-02,Running
PRJ309,Automation Project 309,Phillip Guzman,174030,132197,66,2026-05-20,2026-07-29,Running
PRJ310,Automation Project 310,Shawn Guzman,620512,379211,50,2025-01-01,2027-03-27,Planning
PRJ311,Automation Project 311,Howard Hensley,722170,600325,19,2025-02-18,2026-11-25,Completed
PRJ312,Automation Project 312,Allison Ferguson,667056,91724,67,2026-01-22,2026-07-29,Completed
PRJ313,Automation Project 313,Christopher Martin,320338,292624,75,2025-06-28,2027-03-17,Planning
PRJ314,Automation Project 314,Steven Taylor,469877,355757,18,2025-06-09,2026-08-21,Running
PRJ315,Automation Project 315,Christine Walters,618114,110899,81,2025-07-03,2027-06-15,Completed
PRJ316,Automation Project 316,Spencer Boyd,417194,243773,75,2025-08-20,2027-01-31,Completed
PRJ317,Automation Project 317,Diana Lopez,899125,796803,90,2024-12-18,2026-12-12,Running
PRJ318,Automation Project 318,Daniel White,275791,156164,80,2026-03-08,2026-09-09,Planning
PRJ319,Automation Project 319,Erin Chan,630084,326377,80,2025-06-01,2026-12-22,Completed
PRJ320,Automation Project 320,Andrew Martinez,564827,265495,36,2026-02-14,2027-04-07,Completed
PRJ321,Automation Project 321,Jessica Heath,123964,70388,12,2025-12-02,2027-04-03,Completed
PRJ322,Automation Project 322,Cynthia Castaneda,602253,467955,20,2025-12-12,2026-12-18,Planning
PRJ323,Automation Project 323,Juan Farmer,349346,259268,97,2024-11-24,2026-10-01,Planning
PRJ324,Automation Project 324,Jessica Gutierrez,289170,80019,90,2024-08-21,2026-09-03,Completed
PRJ325,Automation Project 325,George Stephens,731900,79210,90,2025-06-29,2026-12-20,Running
PRJ326,Automation Project 326,Michael Buck,874087,142500,80,2026-06-13,2026-11-20,Completed
PRJ327,Automation Project 327,Katrina Moore,204614,90550,82,2026-04-22,2026-12-25,Completed
PRJ328,Automation Project 328,Chris Townsend,927443,616252,76,2025-01-05,2026-10-06,Completed
PRJ329,Automation Project 329,Samuel Castillo,505763,494247,93,2025-06-11,2026-12-26,Planning
PRJ330,Automation Project 330,Courtney Hopkins,635553,190315,13,2026-03-06,2026-09-27,Completed
PRJ331,Automation Project 331,Ronald Collins,967717,562181,10,2024-09-29,2026-12-28,Running
PRJ332,Automation Project 332,Willie Fritz,506872,425006,86,2025-11-08,2027-02-06,Planning
PRJ333,Automation Project 333,Jessica Juarez,224174,62340,68,2024-10-15,2027-04-07,Completed
PRJ334,Automation Project 334,Brian Jones,238365,107526,71,2025-12-14,2027-06-22,Planning
PRJ335,Automation Project 335,Joseph Johnson,718114,631788,28,2024-08-13,2026-12-02,Running
PRJ336,Automation Project 336,Linda Johnson,680155,292187,38,2024-10-04,2026-11-13,Running
PRJ337,Automation Project 337,Samuel Blair,840756,586221,94,2026-03-09,2027-02-11,Running
PRJ338,Automation Project 338,Jamie Singleton,793478,368544,87,2025-01-20,2026-08-27,Running
PRJ339,Automation Project 339,Paula Sanchez,148465,81799,50,2026-05-26,2026-10-15,Planning
PRJ340,Automation Project 340,Pamela Strickland,541160,307336,51,2025-01-16,2027-01-15,Running
PRJ341,Automation Project 341,Allison Clark,635856,483864,76,2026-02-13,2027-01-12,Completed
PRJ342,Automation Project 342,Susan Brooks,336229,150143,53,2025-08-12,2027-04-07,Running
PRJ343,Automation Project 343,Ashley Tapia,824059,517760,11,2024-10-16,2026-07-21,Running
PRJ344,Automation Project 344,Elizabeth Gray,563742,173797,22,2025-09-15,2026-09-14,Planning
PRJ345,Automation Project 345,Brandon Gross,980661,894514,94,2026-06-07,2027-06-24,Planning
PRJ346,Automation Project 346,Ellen Cabrera,205014,134647,52,2024-10-08,2026-08-28,Running
PRJ347,Automation Project 347,Brittany King,762831,94782,97,2025-11-06,2027-05-22,Running
PRJ348,Automation Project 348,Corey Johnson,561350,404481,14,2025-05-08,2027-05-17,Running
PRJ349,Automation Project 349,Emily Craig,233146,218744,21,2025-05-27,2026-09-12,Completed
PRJ350,Automation Project 350,Sara Nolan,601681,283458,76,2025-08-17,2027-02-17,Running
PRJ351,Automation Project 351,Heather James,845441,343765,43,2025-06-09,2027-06-23,Planning
PRJ352,Automation Project 352,John Vance,426295,242751,75,2026-05-17,2026-11-07,Completed
PRJ353,Automation Project 353,Stacey Gomez,319400,104877,19,2025-04-23,2027-03-26,Running
PRJ354,Automation Project 354,Travis Brown,166994,90444,71,2025-05-14,2026-09-22,Planning
PRJ355,Automation Project 355,Jeanne Garcia,783043,157377,29,2025-05-01,2026-10-15,Planning
PRJ356,Automation Project 356,April Holmes,779662,388379,16,2026-01-04,2026-08-05,Planning
PRJ357,Automation Project 357,Malik Keller,520055,330889,66,2025-12-26,2027-07-01,Planning
PRJ358,Automation Project 358,Christine Lee,440052,379140,60,2025-05-02,2026-10-21,Completed
PRJ359,Automation Project 359,Courtney Davis,730970,128273,14,2024-08-28,2026-12-15,Completed
PRJ360,Automation Project 360,Julie Owen,769903,509182,67,2026-02-23,2027-07-13,Completed
PRJ361,Automation Project 361,Steven Olson,568093,331923,16,2026-03-10,2026-08-03,Planning
PRJ362,Automation Project 362,Peter Martin PhD,343396,208624,90,2024-11-06,2027-02-04,Running
PRJ363,Automation Project 363,Sophia Jimenez,474509,273531,75,2025-01-08,2026-10-31,Running
PRJ364,Automation Project 364,Brian Delgado,376199,266013,70,2026-02-19,2027-06-07,Completed
PRJ365,Automation Project 365,Barbara Cardenas,949561,357698,13,2025-03-10,2027-05-11,Planning
PRJ366,Automation Project 366,Sarah Montgomery,959206,859659,64,2024-07-26,2027-02-22,Completed
PRJ367,Automation Project 367,Mr. Antonio Curtis,997816,498028,48,2026-04-02,2027-03-07,Planning
PRJ368,Automation Project 368,Tammy Green,169618,106623,37,2024-12-28,2026-09-09,Planning
PRJ369,Automation Project 369,Glenn Gould,742940,384808,71,2025-12-12,2027-05-15,Planning
PRJ370,Automation Project 370,Louis Duran Jr.,895221,572829,74,2024-09-28,2027-03-31,Completed
PRJ371,Automation Project 371,James Porter,318431,112403,55,2024-12-24,2027-03-04,Completed
PRJ372,Automation Project 372,Stacey Phillips,622420,433832,67,2026-02-06,2026-09-05,Completed
PRJ373,Automation Project 373,James Hall IV,267947,207658,100,2025-11-01,2027-04-15,Completed
PRJ374,Automation Project 374,Mark Rosales,254457,223682,66,2026-03-10,2027-04-07,Planning
PRJ375,Automation Project 375,Christopher Donaldson,209534,183442,60,2024-08-13,2027-02-10,Completed
PRJ376,Automation Project 376,Justin Craig,911622,829133,36,2024-12-29,2027-05-10,Completed
PRJ377,Automation Project 377,Steven Barton,139579,67918,82,2026-03-19,2026-10-13,Planning
PRJ378,Automation Project 378,Kristin Ashley,447526,343187,57,2025-10-14,2027-04-13,Completed
PRJ379,Automation Project 379,Andrea Carter,794040,369081,92,2024-12-19,2026-09-15,Planning
PRJ380,Automation Project 380,Brooke Buck,961557,287784,39,2024-12-28,2026-07-28,Planning
PRJ381,Automation Project 381,David Burns,414662,97432,58,2025-12-21,2026-10-16,Completed
PRJ382,Automation Project 382,Timothy Thompson,490959,86161,80,2025-03-11,2027-07-04,Running
PRJ383,Automation Project 383,John Johnson,757277,316641,78,2025-06-10,2027-06-25,Planning
PRJ384,Automation Project 384,Preston Ortiz,711401,503887,59,2025-07-02,2027-04-28,Planning
PRJ385,Automation Project 385,Michaela Weaver,589227,267373,48,2025-08-31,2026-10-05,Running
PRJ386,Automation Project 386,Michael Smith,933312,452968,70,2024-12-10,2027-01-01,Completed
PRJ387,Automation Project 387,Gene Flynn,366975,253830,32,2025-08-29,2026-10-11,Completed
PRJ388,Automation Project 388,Grace Barnes,228274,140538,90,2025-05-15,2027-01-13,Completed
PRJ389,Automation Project 389,Joshua Richardson,474065,335616,46,2025-10-27,2027-04-08,Completed
PRJ390,Automation Project 390,Robert Welch,186330,177678,44,2025-12-20,2027-06-22,Completed
PRJ391,Automation Project 391,Manuel Manning,739379,170486,64,2026-01-22,2027-07-01,Planning
PRJ392,Automation Project 392,Christopher Miles,563421,51540,53,2024-09-20,2027-01-20,Planning
PRJ393,Automation Project 393,Derek Davis,269409,93407,19,2024-08-31,2027-04-08,Completed
PRJ394,Automation Project 394,Nathan Watts,796678,148611,61,2026-05-03,2026-07-26,Completed
PRJ395,Automation Project 395,Jennifer Anderson,678616,125293,92,2025-09-17,2026-12-17,Running
PRJ396,Automation Project 396,Stephanie Moore,203685,109749,48,2026-05-06,2026-11-02,Running
PRJ397,Automation Project 397,Dr. Brendan Huang,800077,552805,59,2024-11-27,2027-04-01,Completed
PRJ398,Automation Project 398,Elizabeth Jones,161418,142436,85,2025-07-10,2027-06-18,Running
PRJ399,Automation Project 399,David Pope,956999,639774,36,2024-11-19,2027-03-05,Completed
PRJ400,Automation Project 400,Lisa Shaffer,610502,521595,46,2025-07-30,2027-02-09,Planning
PRJ401,Automation Project 401,Amanda Richmond DDS,871693,184701,85,2025-01-28,2026-07-24,Completed
PRJ402,Automation Project 402,Miss Sandra Smith,231465,190512,61,2026-04-22,2027-02-15,Running
PRJ403,Automation Project 403,Steven Johnson,796713,717861,40,2025-05-28,2027-04-26,Planning
PRJ404,Automation Project 404,Kathy Ryan,908085,80064,29,2025-06-09,2026-07-18,Running
PRJ405,Automation Project 405,Emily King,994164,715232,54,2025-02-03,2026-09-26,Completed
PRJ406,Automation Project 406,Erik Russell,131006,125384,92,2025-06-29,2026-07-23,Completed
PRJ407,Automation Project 407,Robert Jackson,503146,420713,33,2026-05-12,2027-01-24,Planning
PRJ408,Automation Project 408,Sean Watts,684927,247769,63,2024-08-28,2026-11-24,Running
PRJ409,Automation Project 409,Meredith Bradford,574396,532009,25,2025-12-15,2027-03-31,Completed
PRJ410,Automation Project 410,Cristina Scott,882504,445893,63,2026-02-26,2026-09-06,Running
PRJ411,Automation Project 411,Joseph Valdez,556662,549408,19,2025-04-29,2026-08-23,Planning
PRJ412,Automation Project 412,Amber Henderson,246328,132168,60,2025-06-13,2026-10-29,Planning
PRJ413,Automation Project 413,Amber Taylor,391383,141171,14,2025-04-27,2026-08-29,Planning
PRJ414,Automation Project 414,Sarah Stein,931975,929007,26,2025-11-18,2026-08-28,Planning
PRJ415,Automation Project 415,Christopher Dorsey,813083,782900,38,2025-06-27,2026-08-08,Running
PRJ416,Automation Project 416,Nancy Stout,743530,666964,79,2024-10-19,2026-10-31,Planning
PRJ417,Automation Project 417,Ashley Hansen,175885,167918,36,2025-02-16,2027-07-04,Completed
PRJ418,Automation Project 418,James Smith,558980,271971,80,2024-08-30,2026-11-30,Planning
PRJ419,Automation Project 419,Scott Graham,541425,305969,55,2024-07-17,2026-10-28,Completed
PRJ420,Automation Project 420,Dawn Johnson,876333,66929,22,2026-04-21,2027-06-15,Running
PRJ421,Automation Project 421,Jack Small,574312,125672,51,2026-01-26,2026-11-11,Planning
PRJ422,Automation Project 422,Tonya Carlson,766542,369217,45,2025-02-20,2026-09-25,Running
PRJ423,Automation Project 423,Brooke Norman,226141,121918,47,2025-05-01,2026-11-26,Planning
PRJ424,Automation Project 424,James Harrell,746742,222180,37,2025-03-23,2026-10-09,Planning
PRJ425,Automation Project 425,Mrs. Mckenzie Smith,914601,417485,18,2026-05-25,2027-05-19,Running
PRJ426,Automation Project 426,Dana Choi,418814,257331,56,2025-05-13,2027-06-03,Running
PRJ427,Automation Project 427,James Jordan,422090,123459,58,2025-05-15,2027-04-28,Planning
PRJ428,Automation Project 428,Amy Lamb,215389,194070,59,2025-09-28,2027-04-02,Planning
PRJ429,Automation Project 429,Amber Nguyen,613399,184470,58,2025-01-14,2026-08-06,Planning
PRJ430,Automation Project 430,Jasmine Williams,169713,124397,84,2026-02-18,2027-02-09,Running
PRJ431,Automation Project 431,Jennifer Johnson,870770,724072,58,2024-12-09,2026-10-28,Completed
PRJ432,Automation Project 432,Bryan Hull,764488,401121,55,2026-02-19,2027-04-20,Completed
PRJ433,Automation Project 433,Linda Davis,894750,215623,91,2025-04-16,2026-11-21,Planning
PRJ434,Automation Project 434,Terry Sanchez,609573,509980,58,2025-04-05,2026-09-21,Running
PRJ435,Automation Project 435,Christine Bradley,951331,147183,48,2025-08-28,2026-12-03,Completed
PRJ436,Automation Project 436,Shawn Harrison,147166,53450,37,2025-07-08,2027-07-01,Completed
PRJ437,Automation Project 437,Ashley Huff,439084,51300,32,2024-11-19,2026-08-19,Completed
PRJ438,Automation Project 438,Nathan White,940519,400772,53,2025-08-25,2026-10-27,Planning
PRJ439,Automation Project 439,Jennifer White,864000,807078,36,2024-11-11,2026-08-20,Running
PRJ440,Automation Project 440,Alexander Mills,917351,352564,97,2025-03-13,2027-03-13,Running
PRJ441,Automation Project 441,Laura Flores,676010,468728,71,2026-02-19,2027-02-25,Planning
PRJ442,Automation Project 442,David Davenport Jr.,289339,189839,78,2024-07-29,2027-03-13,Planning
PRJ443,Automation Project 443,Derek Blair,700480,50832,48,2024-09-13,2026-11-26,Running
PRJ444,Automation Project 444,Jason Jones,891704,302916,39,2024-11-15,2026-08-27,Planning
PRJ445,Automation Project 445,Samuel Ramirez,364965,239371,45,2025-06-21,2027-06-01,Running
PRJ446,Automation Project 446,Courtney Stewart,866734,824831,99,2025-09-03,2027-06-29,Planning
PRJ447,Automation Project 447,Yolanda Miller,491948,409995,71,2025-01-30,2027-07-05,Running
PRJ448,Automation Project 448,Sabrina Lee,708446,257589,29,2024-08-21,2026-10-31,Running
PRJ449,Automation Project 449,Rebecca Burnett,197302,80004,43,2026-02-17,2026-11-15,Completed
PRJ450,Automation Project 450,Michael Rojas,919637,666940,68,2025-08-31,2027-06-24,Completed
PRJ451,Automation Project 451,Mark Wong,642175,539220,85,2025-07-22,2026-12-01,Running
PRJ452,Automation Project 452,Victor Mcdonald,324034,83306,27,2026-05-07,2026-10-15,Completed
PRJ453,Automation Project 453,Dr. Kevin Rowe,108469,68973,11,2026-05-15,2027-04-01,Completed
PRJ454,Automation Project 454,Austin Gonzalez,437883,199639,41,2024-12-26,2027-06-08,Running
PRJ455,Automation Project 455,Kathleen Ibarra,619618,506598,64,2024-08-03,2026-08-30,Planning
PRJ456,Automation Project 456,Alexander Powell,638792,253758,16,2025-12-04,2026-10-12,Completed
PRJ457,Automation Project 457,Sierra Davidson,654000,442142,74,2025-10-09,2026-10-27,Planning
PRJ458,Automation Project 458,Nathan Davis,162678,63094,99,2025-06-28,2027-01-02,Completed
PRJ459,Automation Project 459,Matthew Smith,603760,305022,20,2025-04-04,2027-06-06,Running
PRJ460,Automation Project 460,Sarah Morrow,316143,94201,51,2024-09-16,2027-07-11,Planning
PRJ461,Automation Project 461,Glenn Drake,168076,82790,39,2024-07-22,2026-12-20,Running
PRJ462,Automation Project 462,Jessica Armstrong,604764,482592,31,2026-04-15,2026-12-04,Completed
PRJ463,Automation Project 463,Margaret Martinez,208931,53875,72,2025-11-25,2027-03-15,Completed
PRJ464,Automation Project 464,Sheri Gaines,181386,169565,22,2026-03-08,2027-03-20,Planning
PRJ465,Automation Project 465,Eric Rogers,745020,475081,90,2025-09-07,2026-11-05,Completed
PRJ466,Automation Project 466,Brandy Blake,435631,271902,48,2026-04-06,2027-06-28,Planning
PRJ467,Automation Project 467,Gary Lee,446731,288100,16,2025-11-18,2027-05-12,Running
PRJ468,Automation Project 468,Mark Vazquez,773515,624531,93,2026-05-01,2026-08-05,Planning
PRJ469,Automation Project 469,Sarah Lee,249723,162148,84,2025-02-20,2026-12-18,Completed
PRJ470,Automation Project 470,Peter Barry,307536,114065,19,2025-06-19,2026-09-11,Running
PRJ471,Automation Project 471,Richard Krueger,376066,143955,100,2026-05-26,2027-01-17,Completed
PRJ472,Automation Project 472,Sarah Jones,305705,53207,61,2024-09-28,2027-05-09,Planning
PRJ473,Automation Project 473,Christina Vega,155358,74207,34,2025-09-15,2027-06-22,Planning
PRJ474,Automation Project 474,Mary Marshall,294006,181649,65,2025-03-04,2027-04-13,Running
PRJ475,Automation Project 475,Justin Brown,778462,774967,52,2025-11-25,2027-06-20,Completed
PRJ476,Automation Project 476,Melissa Reese,119783,92787,27,2024-07-30,2026-11-13,Planning
PRJ477,Automation Project 477,Ronald Gomez,402311,100109,22,2024-11-22,2026-10-12,Running
PRJ478,Automation Project 478,Tyler Gray,926551,210854,13,2026-05-30,2026-11-19,Running
PRJ479,Automation Project 479,Nicholas Mata,528718,301867,14,2025-11-05,2027-02-20,Planning
PRJ480,Automation Project 480,Steven Moore,430340,89524,42,2025-09-20,2027-04-10,Running
PRJ481,Automation Project 481,David Wyatt,874410,667426,82,2025-05-01,2027-04-03,Planning
PRJ482,Automation Project 482,Kristina Gonzalez,120020,62510,61,2025-03-16,2026-08-23,Running
PRJ483,Automation Project 483,Mario Lee,361985,157901,76,2026-05-08,2026-12-09,Planning
PRJ484,Automation Project 484,Cassandra Williams,234977,85568,27,2024-08-18,2026-10-22,Running
PRJ485,Automation Project 485,Margaret Adams,139172,54129,50,2024-08-03,2026-07-26,Planning
PRJ486,Automation Project 486,Joshua Ibarra,715625,186830,33,2025-12-28,2026-08-08,Completed
PRJ487,Automation Project 487,Nicole Patel,284655,62370,57,2024-10-27,2026-10-02,Running
PRJ488,Automation Project 488,Chad Hayes,246630,221708,13,2026-01-11,2027-04-13,Planning
PRJ489,Automation Project 489,Jason Martinez,795473,693772,15,2024-12-20,2027-03-06,Planning
PRJ490,Automation Project 490,Olivia Hendricks,219403,104456,42,2026-02-20,2027-02-10,Completed
PRJ491,Automation Project 491,Courtney Gonzales,421647,159615,38,2025-03-20,2026-11-19,Completed
PRJ492,Automation Project 492,Deanna Medina,205936,100447,39,2024-12-06,2027-07-10,Completed
PRJ493,Automation Project 493,Valerie Gates,282776,145320,33,2024-12-24,2027-01-27,Completed
PRJ494,Automation Project 494,Arthur Medina,497234,111207,37,2025-12-07,2026-10-28,Planning
PRJ495,Automation Project 495,Eric Dorsey,355073,183254,52,2026-02-16,2027-05-29,Running
PRJ496,Automation Project 496,Dustin Ferguson,812271,347070,52,2025-01-18,2026-09-28,Planning
PRJ497,Automation Project 497,Sarah Hood,327098,209529,33,2026-03-08,2027-06-15,Completed
PRJ498,Automation Project 498,Rachel Moore,519144,206448,48,2026-04-27,2026-08-11,Completed
PRJ499,Automation Project 499,Rachel Reynolds,564223,274498,10,2026-04-14,2026-10-05,Planning
PRJ500,Automation Project 500,Ryan Davis,376518,356000,75,2026-02-10,2026-10-21,Running
