Sensor_ID,System_ID,Sensor_Type,Location,Reading,Unit,Status,Calibration_Date
SEN0001,SYS0474,Proximity,Houston Plant,0.01,%,Inactive,2026-01-05
SEN0002,SYS0386,Flow,Phoenix Plant,69.59,°C,Active,2025-08-11
SEN0003,SYS0322,Proximity,Dallas Plant,66.73,PSI,Active,2025-09-03
SEN0004,SYS0422,Pressure,Austin Plant,73.75,PSI,Active,2026-06-25
SEN0005,SYS0424,Pressure,Austin Plant,13.26,L/min,Active,2025-12-08
SEN0006,SYS0339,Flow,Austin Plant,61.86,°C,Active,2025-12-08
SEN0007,SYS0372,Pressure,Houston Plant,62.71,%,Inactive,2025-12-05
SEN0008,SYS0079,Temperature,Austin Plant,47.37,°C,Active,2026-03-07
SEN0009,SYS0192,Temperature,Phoenix Plant,17.51,L/min,Active,2025-10-24
SEN0010,SYS0044,Pressure,Austin Plant,7.32,L/min,Active,2026-05-11
SEN0011,SYS0223,Pressure,Austin Plant,26.61,%,Inactive,2025-12-21
SEN0012,SYS0081,Proximity,Phoenix Plant,66.05,PSI,Inactive,2026-04-26
SEN0013,SYS0218,Pressure,Phoenix Plant,83.67,L/min,Inactive,2025-07-28
SEN0014,SYS0162,Humidity,Phoenix Plant,21.41,°C,Active,2026-06-23
SEN0015,SYS0208,Humidity,Chicago Plant,77.26,L/min,Active,2025-10-02
SEN0016,SYS0448,Proximity,Dallas Plant,79.66,PSI,Active,2026-03-14
SEN0017,SYS0118,Proximity,Dallas Plant,56.01,L/min,Active,2025-07-27
SEN0018,SYS0028,Proximity,Austin Plant,53.9,PSI,Active,2025-08-17
SEN0019,SYS0124,Temperature,Phoenix Plant,85.83,°C,Active,2025-12-08
SEN0020,SYS0276,Proximity,Dallas Plant,33.91,°C,Inactive,2026-01-17
SEN0021,SYS0134,Humidity,Phoenix Plant,13.62,PSI,Active,2025-11-05
SEN0022,SYS0219,Flow,Austin Plant,13.97,PSI,Active,2025-09-04
SEN0023,SYS0266,Pressure,Phoenix Plant,44.23,L/min,Active,2026-05-15
SEN0024,SYS0378,Humidity,Chicago Plant,16.46,%,Inactive,2026-03-22
SEN0025,SYS0016,Temperature,Dallas Plant,78.0,°C,Active,2025-11-02
SEN0026,SYS0043,Humidity,Austin Plant,75.76,°C,Active,2026-03-29
SEN0027,SYS0353,Pressure,Chicago Plant,95.31,°C,Inactive,2026-06-10
SEN0028,SYS0402,Proximity,Houston Plant,5.72,°C,Active,2025-10-21
SEN0029,SYS0181,Humidity,Chicago Plant,67.22,%,Inactive,2025-08-20
SEN0030,SYS0134,Pressure,Dallas Plant,54.58,PSI,Inactive,2026-06-01
SEN0031,SYS0148,Flow,Phoenix Plant,91.03,°C,Active,2026-04-11
SEN0032,SYS0090,Humidity,Phoenix Plant,62.17,°C,Inactive,2025-07-19
SEN0033,SYS0195,Flow,Dallas Plant,50.71,L/min,Active,2026-04-10
SEN0034,SYS0023,Proximity,Dallas Plant,0.28,%,Active,2025-11-14
SEN0035,SYS0194,Humidity,Houston Plant,8.87,%,Active,2026-03-05
SEN0036,SYS0208,Flow,Phoenix Plant,12.29,L/min,Active,2026-02-13
SEN0037,SYS0409,Humidity,Phoenix Plant,22.78,%,Inactive,2026-02-15
SEN0038,SYS0339,Temperature,Houston Plant,31.01,PSI,Inactive,2025-11-11
SEN0039,SYS0374,Temperature,Phoenix Plant,71.43,L/min,Active,2025-08-14
SEN0040,SYS0209,Pressure,Austin Plant,41.02,L/min,Inactive,2026-01-18
SEN0041,SYS0403,Temperature,Phoenix Plant,77.86,PSI,Active,2026-04-06
SEN0042,SYS0034,Temperature,Houston Plant,80.2,°C,Inactive,2025-11-03
SEN0043,SYS0130,Proximity,Dallas Plant,89.02,°C,Inactive,2026-02-08
SEN0044,SYS0321,Humidity,Austin Plant,54.75,L/min,Inactive,2026-07-02
SEN0045,SYS0451,Pressure,Phoenix Plant,19.39,PSI,Active,2026-06-04
SEN0046,SYS0205,Humidity,Austin Plant,15.49,°C,Active,2026-06-30
SEN0047,SYS0357,Flow,Phoenix Plant,67.79,PSI,Inactive,2026-05-11
SEN0048,SYS0209,Humidity,Austin Plant,2.07,L/min,Active,2025-09-29
SEN0049,SYS0189,Proximity,Chicago Plant,21.39,%,Inactive,2026-04-28
SEN0050,SYS0043,Flow,Dallas Plant,82.2,%,Inactive,2025-08-04
SEN0051,SYS0081,Humidity,Houston Plant,75.77,°C,Active,2025-07-17
SEN0052,SYS0207,Pressure,Houston Plant,33.99,PSI,Inactive,2026-04-16
SEN0053,SYS0099,Temperature,Dallas Plant,46.98,%,Inactive,2026-06-01
SEN0054,SYS0406,Humidity,Houston Plant,51.3,°C,Active,2025-09-26
SEN0055,SYS0375,Temperature,Houston Plant,24.14,PSI,Inactive,2025-09-14
SEN0056,SYS0170,Pressure,Chicago Plant,61.01,°C,Inactive,2025-11-21
SEN0057,SYS0020,Humidity,Dallas Plant,99.31,%,Active,2025-09-19
SEN0058,SYS0105,Pressure,Austin Plant,96.97,%,Active,2026-01-08
SEN0059,SYS0425,Proximity,Houston Plant,58.71,°C,Inactive,2025-09-20
SEN0060,SYS0373,Pressure,Austin Plant,80.59,°C,Active,2026-01-25
SEN0061,SYS0365,Proximity,Chicago Plant,52.62,°C,Active,2026-02-23
SEN0062,SYS0311,Pressure,Austin Plant,59.33,PSI,Inactive,2025-09-18
SEN0063,SYS0111,Pressure,Chicago Plant,64.4,PSI,Active,2025-07-17
SEN0064,SYS0452,Flow,Dallas Plant,72.34,°C,Inactive,2025-11-25
SEN0065,SYS0389,Humidity,Chicago Plant,9.53,L/min,Active,2026-04-20
SEN0066,SYS0006,Pressure,Austin Plant,82.03,°C,Active,2025-07-16
SEN0067,SYS0172,Flow,Dallas Plant,54.97,°C,Active,2026-06-26
SEN0068,SYS0353,Flow,Houston Plant,47.23,L/min,Inactive,2025-11-20
SEN0069,SYS0374,Humidity,Phoenix Plant,11.97,L/min,Active,2025-08-14
SEN0070,SYS0452,Proximity,Austin Plant,39.18,%,Active,2026-06-13
SEN0071,SYS0454,Temperature,Dallas Plant,31.12,°C,Active,2025-09-06
SEN0072,SYS0446,Proximity,Phoenix Plant,28.68,%,Active,2026-06-03
SEN0073,SYS0119,Flow,Phoenix Plant,47.73,°C,Active,2025-07-20
SEN0074,SYS0388,Flow,Austin Plant,17.06,PSI,Active,2026-05-09
SEN0075,SYS0311,Proximity,Phoenix Plant,14.79,PSI,Inactive,2026-03-07
SEN0076,SYS0141,Humidity,Houston Plant,41.83,°C,Inactive,2026-06-27
SEN0077,SYS0479,Temperature,Houston Plant,13.01,L/min,Active,2025-11-26
SEN0078,SYS0425,Humidity,Dallas Plant,77.8,%,Active,2026-06-30
SEN0079,SYS0253,Flow,Chicago Plant,43.54,°C,Active,2025-08-10
SEN0080,SYS0060,Pressure,Chicago Plant,78.03,°C,Active,2025-12-15
SEN0081,SYS0484,Pressure,Dallas Plant,52.03,PSI,Inactive,2025-12-06
SEN0082,SYS0200,Flow,Phoenix Plant,8.84,°C,Inactive,2025-10-06
SEN0083,SYS0079,Flow,Dallas Plant,32.04,PSI,Active,2026-05-22
SEN0084,SYS0488,Pressure,Austin Plant,25.4,%,Inactive,2025-12-19
SEN0085,SYS0027,Flow,Phoenix Plant,55.03,L/min,Active,2025-12-18
SEN0086,SYS0249,Flow,Chicago Plant,76.31,PSI,Active,2026-04-25
SEN0087,SYS0269,Humidity,Houston Plant,74.97,°C,Active,2025-10-31
SEN0088,SYS0124,Humidity,Phoenix Plant,0.5,L/min,Active,2025-09-29
SEN0089,SYS0176,Humidity,Austin Plant,47.69,PSI,Inactive,2026-07-04
SEN0090,SYS0024,Pressure,Austin Plant,64.51,°C,Active,2025-12-06
SEN0091,SYS0053,Humidity,Chicago Plant,69.11,°C,Active,2026-04-29
SEN0092,SYS0260,Humidity,Phoenix Plant,58.08,°C,Inactive,2025-10-12
SEN0093,SYS0147,Proximity,Austin Plant,93.5,L/min,Inactive,2026-01-17
SEN0094,SYS0299,Pressure,Chicago Plant,75.62,L/min,Inactive,2026-06-02
SEN0095,SYS0446,Humidity,Phoenix Plant,64.17,L/min,Active,2026-05-18
SEN0096,SYS0456,Proximity,Houston Plant,14.52,%,Inactive,2025-08-05
SEN0097,SYS0327,Proximity,Austin Plant,14.69,°C,Inactive,2025-08-27
SEN0098,SYS0011,Proximity,Houston Plant,56.95,PSI,Active,2026-02-27
SEN0099,SYS0456,Pressure,Dallas Plant,18.5,PSI,Inactive,2025-07-31
SEN0100,SYS0400,Pressure,Chicago Plant,40.42,°C,Inactive,2025-07-31
SEN0101,SYS0319,Temperature,Phoenix Plant,47.3,L/min,Active,2025-07-23
SEN0102,SYS0235,Flow,Dallas Plant,64.19,PSI,Active,2026-01-10
SEN0103,SYS0159,Proximity,Austin Plant,52.0,PSI,Inactive,2025-07-17
SEN0104,SYS0344,Proximity,Houston Plant,65.02,PSI,Active,2025-08-29
SEN0105,SYS0429,Humidity,Dallas Plant,89.73,L/min,Active,2026-07-06
SEN0106,SYS0073,Proximity,Phoenix Plant,43.41,°C,Active,2026-05-17
SEN0107,SYS0208,Proximity,Houston Plant,54.45,PSI,Inactive,2026-06-02
SEN0108,SYS0339,Humidity,Dallas Plant,78.36,L/min,Inactive,2025-09-19
SEN0109,SYS0177,Flow,Dallas Plant,92.35,PSI,Active,2026-02-09
SEN0110,SYS0288,Flow,Chicago Plant,9.83,PSI,Active,2026-03-15
SEN0111,SYS0414,Proximity,Houston Plant,57.15,°C,Inactive,2025-11-24
SEN0112,SYS0432,Pressure,Houston Plant,39.87,PSI,Active,2025-11-15
SEN0113,SYS0301,Humidity,Phoenix Plant,27.19,°C,Active,2026-05-30
SEN0114,SYS0427,Pressure,Chicago Plant,75.23,°C,Active,2025-09-26
SEN0115,SYS0342,Proximity,Chicago Plant,60.04,L/min,Active,2026-02-03
SEN0116,SYS0029,Temperature,Chicago Plant,50.39,°C,Active,2026-02-28
SEN0117,SYS0343,Pressure,Phoenix Plant,33.48,°C,Active,2026-04-27
SEN0118,SYS0485,Temperature,Chicago Plant,52.78,%,Active,2026-06-21
SEN0119,SYS0151,Proximity,Dallas Plant,85.78,%,Active,2025-12-25
SEN0120,SYS0233,Flow,Austin Plant,86.29,PSI,Inactive,2026-03-24
SEN0121,SYS0329,Flow,Austin Plant,5.03,%,Active,2025-10-30
SEN0122,SYS0327,Humidity,Houston Plant,1.68,L/min,Inactive,2025-10-19
SEN0123,SYS0227,Proximity,Houston Plant,39.07,°C,Inactive,2025-08-15
SEN0124,SYS0454,Pressure,Chicago Plant,76.3,L/min,Active,2026-07-07
SEN0125,SYS0306,Pressure,Houston Plant,1.95,°C,Inactive,2026-04-22
SEN0126,SYS0372,Flow,Chicago Plant,92.31,PSI,Active,2026-04-12
SEN0127,SYS0394,Humidity,Dallas Plant,39.73,%,Active,2025-07-23
SEN0128,SYS0497,Pressure,Austin Plant,20.27,PSI,Active,2026-06-20
SEN0129,SYS0480,Pressure,Houston Plant,35.79,PSI,Active,2026-03-10
SEN0130,SYS0177,Flow,Dallas Plant,46.72,°C,Inactive,2026-02-28
SEN0131,SYS0006,Pressure,Austin Plant,67.8,°C,Active,2025-12-20
SEN0132,SYS0001,Flow,Dallas Plant,21.89,L/min,Active,2026-04-17
SEN0133,SYS0423,Proximity,Houston Plant,13.24,L/min,Inactive,2025-11-10
SEN0134,SYS0193,Temperature,Austin Plant,21.83,°C,Inactive,2025-12-03
SEN0135,SYS0158,Humidity,Phoenix Plant,4.92,PSI,Inactive,2026-07-13
SEN0136,SYS0025,Pressure,Chicago Plant,29.4,°C,Active,2026-07-07
SEN0137,SYS0221,Humidity,Houston Plant,99.49,PSI,Inactive,2026-03-25
SEN0138,SYS0105,Humidity,Dallas Plant,39.84,°C,Active,2025-12-07
SEN0139,SYS0464,Flow,Chicago Plant,66.73,PSI,Active,2026-03-01
SEN0140,SYS0039,Temperature,Austin Plant,63.91,L/min,Active,2026-05-24
SEN0141,SYS0053,Pressure,Houston Plant,51.94,L/min,Active,2025-08-26
SEN0142,SYS0294,Proximity,Houston Plant,73.45,L/min,Inactive,2025-11-23
SEN0143,SYS0120,Flow,Austin Plant,87.47,PSI,Active,2026-03-20
SEN0144,SYS0435,Proximity,Austin Plant,54.35,%,Inactive,2025-12-03
SEN0145,SYS0015,Humidity,Austin Plant,57.24,L/min,Active,2025-11-30
SEN0146,SYS0253,Proximity,Phoenix Plant,71.92,L/min,Inactive,2025-12-07
SEN0147,SYS0349,Temperature,Chicago Plant,47.83,°C,Inactive,2026-02-01
SEN0148,SYS0441,Flow,Austin Plant,90.03,PSI,Active,2026-07-08
SEN0149,SYS0187,Temperature,Chicago Plant,54.06,°C,Active,2025-10-28
SEN0150,SYS0093,Pressure,Houston Plant,32.79,PSI,Active,2025-12-19
SEN0151,SYS0202,Humidity,Dallas Plant,77.73,L/min,Active,2025-12-03
SEN0152,SYS0352,Humidity,Chicago Plant,56.94,°C,Active,2026-04-21
SEN0153,SYS0038,Proximity,Austin Plant,32.74,L/min,Inactive,2025-11-02
SEN0154,SYS0387,Proximity,Dallas Plant,55.75,%,Active,2025-09-19
SEN0155,SYS0221,Proximity,Phoenix Plant,54.19,°C,Active,2025-07-18
SEN0156,SYS0065,Temperature,Houston Plant,79.84,PSI,Inactive,2026-07-09
SEN0157,SYS0500,Proximity,Houston Plant,50.74,%,Active,2025-09-28
SEN0158,SYS0153,Proximity,Houston Plant,84.61,°C,Active,2025-11-21
SEN0159,SYS0146,Humidity,Chicago Plant,62.61,L/min,Active,2025-12-26
SEN0160,SYS0356,Flow,Dallas Plant,35.69,PSI,Active,2025-12-15
SEN0161,SYS0459,Proximity,Chicago Plant,44.76,L/min,Active,2025-10-31
SEN0162,SYS0277,Pressure,Dallas Plant,93.39,L/min,Inactive,2025-10-29
SEN0163,SYS0195,Temperature,Phoenix Plant,6.35,L/min,Inactive,2025-08-21
SEN0164,SYS0313,Proximity,Chicago Plant,38.45,PSI,Inactive,2026-02-11
SEN0165,SYS0259,Flow,Austin Plant,83.7,PSI,Inactive,2026-06-05
SEN0166,SYS0265,Proximity,Austin Plant,49.39,°C,Inactive,2026-05-06
SEN0167,SYS0349,Proximity,Dallas Plant,39.86,PSI,Active,2026-05-05
SEN0168,SYS0189,Temperature,Houston Plant,88.3,%,Inactive,2025-07-29
SEN0169,SYS0196,Proximity,Houston Plant,68.56,°C,Active,2025-11-17
SEN0170,SYS0345,Temperature,Austin Plant,27.96,PSI,Inactive,2026-04-17
SEN0171,SYS0437,Humidity,Houston Plant,25.12,L/min,Inactive,2025-11-02
SEN0172,SYS0304,Flow,Austin Plant,14.04,%,Active,2025-10-06
SEN0173,SYS0327,Pressure,Austin Plant,68.35,%,Inactive,2025-08-31
SEN0174,SYS0426,Pressure,Austin Plant,54.62,°C,Inactive,2026-01-14
SEN0175,SYS0208,Pressure,Houston Plant,7.96,%,Active,2025-08-13
SEN0176,SYS0273,Humidity,Chicago Plant,17.79,%,Inactive,2025-08-16
SEN0177,SYS0086,Proximity,Austin Plant,40.37,PSI,Active,2025-11-25
SEN0178,SYS0176,Proximity,Phoenix Plant,78.17,%,Active,2025-09-01
SEN0179,SYS0115,Proximity,Dallas Plant,55.99,L/min,Inactive,2026-03-27
SEN0180,SYS0188,Temperature,Chicago Plant,51.89,L/min,Inactive,2025-08-15
SEN0181,SYS0009,Proximity,Houston Plant,75.6,%,Inactive,2026-06-29
SEN0182,SYS0115,Temperature,Austin Plant,30.66,°C,Active,2026-05-21
SEN0183,SYS0475,Temperature,Chicago Plant,59.9,PSI,Active,2025-08-20
SEN0184,SYS0102,Proximity,Houston Plant,58.2,%,Active,2025-11-10
SEN0185,SYS0045,Humidity,Austin Plant,39.45,°C,Inactive,2025-09-24
SEN0186,SYS0151,Flow,Dallas Plant,32.68,%,Active,2026-07-10
SEN0187,SYS0055,Pressure,Austin Plant,36.61,PSI,Inactive,2025-10-27
SEN0188,SYS0244,Proximity,Dallas Plant,23.81,L/min,Inactive,2025-11-17
SEN0189,SYS0436,Humidity,Dallas Plant,1.61,%,Active,2025-10-22
SEN0190,SYS0357,Temperature,Houston Plant,95.04,°C,Active,2025-12-16
SEN0191,SYS0398,Humidity,Austin Plant,45.66,°C,Inactive,2025-11-27
SEN0192,SYS0288,Temperature,Phoenix Plant,73.25,PSI,Inactive,2026-04-06
SEN0193,SYS0004,Humidity,Houston Plant,12.98,%,Inactive,2026-01-24
SEN0194,SYS0084,Pressure,Houston Plant,55.74,L/min,Inactive,2026-01-23
SEN0195,SYS0030,Humidity,Phoenix Plant,50.64,L/min,Inactive,2025-10-29
SEN0196,SYS0144,Humidity,Austin Plant,13.82,%,Inactive,2026-01-20
SEN0197,SYS0380,Humidity,Phoenix Plant,63.22,L/min,Inactive,2026-02-13
SEN0198,SYS0408,Humidity,Phoenix Plant,28.8,PSI,Inactive,2025-08-15
SEN0199,SYS0491,Proximity,Dallas Plant,96.76,L/min,Inactive,2025-11-03
SEN0200,SYS0014,Pressure,Dallas Plant,88.25,°C,Active,2026-05-21
SEN0201,SYS0411,Humidity,Houston Plant,63.92,PSI,Active,2025-09-26
SEN0202,SYS0491,Pressure,Austin Plant,64.27,°C,Inactive,2026-02-01
SEN0203,SYS0445,Humidity,Dallas Plant,20.83,%,Inactive,2025-07-23
SEN0204,SYS0247,Temperature,Phoenix Plant,20.41,L/min,Active,2026-03-03
SEN0205,SYS0350,Temperature,Houston Plant,30.33,L/min,Inactive,2026-06-17
SEN0206,SYS0301,Proximity,Chicago Plant,14.41,PSI,Inactive,2025-08-16
SEN0207,SYS0230,Flow,Houston Plant,64.31,PSI,Active,2025-09-12
SEN0208,SYS0067,Humidity,Phoenix Plant,98.48,PSI,Inactive,2025-12-02
SEN0209,SYS0148,Pressure,Dallas Plant,52.58,PSI,Active,2025-09-05
SEN0210,SYS0378,Pressure,Austin Plant,83.63,PSI,Active,2026-06-17
SEN0211,SYS0311,Pressure,Dallas Plant,62.69,°C,Active,2025-11-14
SEN0212,SYS0194,Temperature,Dallas Plant,51.96,L/min,Inactive,2025-11-12
SEN0213,SYS0251,Pressure,Austin Plant,71.75,L/min,Inactive,2026-06-15
SEN0214,SYS0013,Proximity,Austin Plant,76.69,L/min,Active,2026-05-23
SEN0215,SYS0341,Flow,Austin Plant,78.69,%,Inactive,2026-02-07
SEN0216,SYS0238,Humidity,Houston Plant,74.68,%,Inactive,2026-03-20
SEN0217,SYS0248,Pressure,Chicago Plant,15.48,°C,Inactive,2026-02-16
SEN0218,SYS0073,Proximity,Dallas Plant,51.09,L/min,Inactive,2025-10-07
SEN0219,SYS0461,Proximity,Austin Plant,72.96,L/min,Active,2025-10-07
SEN0220,SYS0282,Pressure,Chicago Plant,96.04,L/min,Active,2025-08-14
SEN0221,SYS0033,Flow,Austin Plant,19.83,PSI,Active,2025-12-20
SEN0222,SYS0490,Temperature,Houston Plant,18.18,PSI,Active,2025-11-04
SEN0223,SYS0380,Flow,Austin Plant,95.53,L/min,Inactive,2025-11-02
SEN0224,SYS0337,Proximity,Dallas Plant,64.04,PSI,Active,2025-10-01
SEN0225,SYS0122,Pressure,Houston Plant,65.33,PSI,Active,2025-08-12
SEN0226,SYS0164,Proximity,Houston Plant,26.68,°C,Inactive,2025-10-17
SEN0227,SYS0372,Flow,Chicago Plant,21.89,L/min,Inactive,2026-03-04
SEN0228,SYS0127,Temperature,Phoenix Plant,33.26,%,Inactive,2026-04-21
SEN0229,SYS0313,Temperature,Austin Plant,89.33,L/min,Active,2026-05-03
SEN0230,SYS0096,Proximity,Austin Plant,44.01,PSI,Active,2026-03-17
SEN0231,SYS0170,Pressure,Phoenix Plant,46.85,L/min,Active,2026-05-07
SEN0232,SYS0110,Flow,Houston Plant,13.83,PSI,Active,2026-03-19
SEN0233,SYS0077,Temperature,Dallas Plant,13.47,%,Inactive,2025-10-19
SEN0234,SYS0374,Temperature,Phoenix Plant,18.84,°C,Active,2025-07-17
SEN0235,SYS0136,Proximity,Chicago Plant,60.66,L/min,Inactive,2026-01-20
SEN0236,SYS0179,Pressure,Houston Plant,66.73,%,Active,2025-11-25
SEN0237,SYS0122,Proximity,Chicago Plant,92.43,°C,Active,2025-07-13
SEN0238,SYS0009,Humidity,Houston Plant,23.63,L/min,Active,2026-02-19
SEN0239,SYS0418,Proximity,Phoenix Plant,32.07,L/min,Active,2025-10-25
SEN0240,SYS0178,Pressure,Austin Plant,87.2,°C,Active,2025-07-18
SEN0241,SYS0399,Pressure,Phoenix Plant,16.75,%,Active,2025-09-11
SEN0242,SYS0048,Humidity,Austin Plant,47.8,PSI,Active,2025-08-20
SEN0243,SYS0314,Pressure,Dallas Plant,57.65,L/min,Active,2025-12-19
SEN0244,SYS0108,Proximity,Chicago Plant,9.29,°C,Active,2025-08-26
SEN0245,SYS0204,Temperature,Austin Plant,73.18,°C,Active,2026-06-14
SEN0246,SYS0081,Temperature,Chicago Plant,41.01,PSI,Active,2026-05-16
SEN0247,SYS0059,Proximity,Dallas Plant,11.59,L/min,Inactive,2025-12-23
SEN0248,SYS0054,Pressure,Austin Plant,4.19,°C,Inactive,2025-12-30
SEN0249,SYS0070,Humidity,Phoenix Plant,76.0,PSI,Active,2026-04-09
SEN0250,SYS0474,Proximity,Austin Plant,3.7,PSI,Inactive,2025-10-22
SEN0251,SYS0195,Humidity,Austin Plant,53.61,PSI,Inactive,2025-11-15
SEN0252,SYS0334,Humidity,Phoenix Plant,10.36,%,Active,2025-08-01
SEN0253,SYS0052,Temperature,Houston Plant,2.27,L/min,Active,2026-06-21
SEN0254,SYS0473,Humidity,Dallas Plant,57.64,%,Active,2025-09-04
SEN0255,SYS0077,Proximity,Houston Plant,37.56,°C,Active,2025-10-20
SEN0256,SYS0359,Humidity,Houston Plant,72.16,°C,Active,2025-11-23
SEN0257,SYS0413,Pressure,Phoenix Plant,59.62,PSI,Inactive,2026-04-13
SEN0258,SYS0422,Temperature,Dallas Plant,22.89,L/min,Active,2026-02-24
SEN0259,SYS0073,Humidity,Austin Plant,42.39,%,Inactive,2025-10-21
SEN0260,SYS0277,Humidity,Chicago Plant,30.69,PSI,Active,2025-11-21
SEN0261,SYS0434,Temperature,Houston Plant,94.15,PSI,Active,2026-04-13
SEN0262,SYS0073,Flow,Dallas Plant,42.25,%,Active,2026-06-21
SEN0263,SYS0246,Pressure,Phoenix Plant,49.49,°C,Active,2026-07-02
SEN0264,SYS0307,Proximity,Dallas Plant,44.31,°C,Inactive,2026-06-17
SEN0265,SYS0219,Proximity,Dallas Plant,41.23,PSI,Active,2026-05-12
SEN0266,SYS0441,Humidity,Phoenix Plant,65.01,°C,Inactive,2025-11-09
SEN0267,SYS0164,Humidity,Austin Plant,82.78,°C,Active,2026-05-11
SEN0268,SYS0360,Humidity,Dallas Plant,24.97,°C,Active,2025-11-30
SEN0269,SYS0316,Humidity,Chicago Plant,95.66,L/min,Inactive,2026-03-26
SEN0270,SYS0217,Humidity,Phoenix Plant,6.49,L/min,Inactive,2025-10-11
SEN0271,SYS0191,Humidity,Chicago Plant,84.35,PSI,Inactive,2025-09-30
SEN0272,SYS0246,Temperature,Austin Plant,83.68,%,Inactive,2026-05-23
SEN0273,SYS0223,Temperature,Dallas Plant,4.41,°C,Active,2026-03-15
SEN0274,SYS0409,Proximity,Dallas Plant,3.87,°C,Inactive,2026-05-07
SEN0275,SYS0284,Pressure,Dallas Plant,44.93,%,Active,2025-10-26
SEN0276,SYS0251,Pressure,Chicago Plant,51.63,°C,Active,2025-12-04
SEN0277,SYS0416,Humidity,Chicago Plant,10.74,°C,Active,2025-11-21
SEN0278,SYS0499,Humidity,Dallas Plant,46.35,PSI,Active,2025-10-23
SEN0279,SYS0210,Flow,Dallas Plant,24.65,L/min,Active,2025-11-18
SEN0280,SYS0171,Temperature,Dallas Plant,81.3,%,Inactive,2026-03-05
SEN0281,SYS0497,Proximity,Houston Plant,49.2,PSI,Inactive,2026-01-04
SEN0282,SYS0090,Temperature,Austin Plant,2.48,L/min,Active,2026-05-12
SEN0283,SYS0179,Proximity,Phoenix Plant,67.64,L/min,Inactive,2026-03-05
SEN0284,SYS0361,Flow,Phoenix Plant,25.38,°C,Active,2026-01-05
SEN0285,SYS0062,Proximity,Dallas Plant,33.38,PSI,Inactive,2025-08-08
SEN0286,SYS0081,Flow,Houston Plant,83.83,L/min,Inactive,2025-12-24
SEN0287,SYS0422,Pressure,Dallas Plant,35.32,°C,Active,2025-08-20
SEN0288,SYS0426,Pressure,Chicago Plant,1.9,°C,Inactive,2026-04-10
SEN0289,SYS0207,Flow,Chicago Plant,10.02,%,Active,2025-10-10
SEN0290,SYS0387,Temperature,Dallas Plant,5.06,L/min,Inactive,2025-12-25
SEN0291,SYS0064,Humidity,Dallas Plant,1.96,%,Active,2025-11-28
SEN0292,SYS0279,Proximity,Dallas Plant,82.05,%,Active,2026-01-02
SEN0293,SYS0162,Pressure,Dallas Plant,31.67,PSI,Active,2025-09-28
SEN0294,SYS0131,Proximity,Phoenix Plant,50.18,%,Inactive,2026-06-06
SEN0295,SYS0476,Flow,Phoenix Plant,52.92,L/min,Active,2025-07-22
SEN0296,SYS0332,Temperature,Austin Plant,46.32,L/min,Active,2026-01-29
SEN0297,SYS0417,Flow,Chicago Plant,60.3,%,Active,2025-07-27
SEN0298,SYS0211,Flow,Dallas Plant,14.84,L/min,Inactive,2026-03-18
SEN0299,SYS0488,Temperature,Chicago Plant,47.99,%,Active,2025-11-21
SEN0300,SYS0120,Pressure,Houston Plant,43.69,PSI,Inactive,2025-12-06
SEN0301,SYS0299,Proximity,Dallas Plant,99.57,L/min,Active,2025-09-13
SEN0302,SYS0035,Humidity,Austin Plant,88.34,PSI,Active,2026-05-16
SEN0303,SYS0110,Flow,Dallas Plant,51.56,PSI,Active,2026-05-14
SEN0304,SYS0046,Flow,Dallas Plant,84.1,°C,Inactive,2026-04-22
SEN0305,SYS0049,Proximity,Dallas Plant,23.52,L/min,Active,2026-04-27
SEN0306,SYS0460,Temperature,Dallas Plant,97.6,°C,Inactive,2025-12-09
SEN0307,SYS0476,Proximity,Dallas Plant,81.53,°C,Inactive,2026-06-14
SEN0308,SYS0458,Humidity,Houston Plant,53.51,PSI,Active,2026-04-19
SEN0309,SYS0232,Humidity,Phoenix Plant,51.31,PSI,Inactive,2026-01-19
SEN0310,SYS0498,Proximity,Houston Plant,43.77,°C,Active,2026-04-13
SEN0311,SYS0032,Temperature,Houston Plant,54.01,L/min,Inactive,2025-12-22
SEN0312,SYS0164,Flow,Dallas Plant,82.88,PSI,Active,2025-10-24
SEN0313,SYS0195,Proximity,Dallas Plant,29.96,L/min,Active,2025-11-28
SEN0314,SYS0392,Temperature,Austin Plant,51.09,L/min,Inactive,2026-03-22
SEN0315,SYS0406,Pressure,Phoenix Plant,67.04,PSI,Inactive,2025-09-12
SEN0316,SYS0372,Flow,Phoenix Plant,94.33,L/min,Active,2026-04-03
SEN0317,SYS0137,Temperature,Phoenix Plant,35.46,°C,Inactive,2025-11-08
SEN0318,SYS0464,Temperature,Phoenix Plant,42.35,%,Inactive,2026-07-10
SEN0319,SYS0023,Flow,Phoenix Plant,64.23,PSI,Inactive,2025-11-21
SEN0320,SYS0146,Proximity,Phoenix Plant,22.41,L/min,Inactive,2025-09-08
SEN0321,SYS0055,Flow,Phoenix Plant,79.79,L/min,Active,2025-07-28
SEN0322,SYS0150,Temperature,Phoenix Plant,92.62,%,Inactive,2025-09-19
SEN0323,SYS0197,Proximity,Austin Plant,72.04,L/min,Active,2026-06-12
SEN0324,SYS0137,Flow,Phoenix Plant,31.24,°C,Inactive,2026-04-15
SEN0325,SYS0006,Pressure,Phoenix Plant,33.8,L/min,Active,2025-08-01
SEN0326,SYS0082,Humidity,Phoenix Plant,76.0,L/min,Inactive,2026-05-01
SEN0327,SYS0278,Proximity,Austin Plant,0.03,PSI,Inactive,2026-05-24
SEN0328,SYS0274,Flow,Phoenix Plant,69.67,PSI,Active,2025-07-14
SEN0329,SYS0451,Flow,Austin Plant,98.5,L/min,Inactive,2026-07-12
SEN0330,SYS0078,Proximity,Chicago Plant,60.19,°C,Inactive,2025-12-14
SEN0331,SYS0012,Proximity,Dallas Plant,8.92,°C,Active,2026-01-08
SEN0332,SYS0425,Temperature,Phoenix Plant,89.61,PSI,Inactive,2026-03-16
SEN0333,SYS0339,Proximity,Austin Plant,99.86,PSI,Inactive,2025-11-17
SEN0334,SYS0056,Pressure,Austin Plant,47.51,L/min,Active,2025-09-06
SEN0335,SYS0175,Pressure,Austin Plant,4.38,%,Inactive,2025-09-15
SEN0336,SYS0285,Proximity,Dallas Plant,40.06,°C,Active,2025-09-23
SEN0337,SYS0185,Humidity,Houston Plant,49.56,%,Active,2026-01-07
SEN0338,SYS0316,Temperature,Chicago Plant,31.79,°C,Active,2025-08-16
SEN0339,SYS0357,Humidity,Houston Plant,2.83,L/min,Inactive,2026-05-08
SEN0340,SYS0433,Temperature,Chicago Plant,75.56,L/min,Active,2026-01-27
SEN0341,SYS0396,Proximity,Austin Plant,70.02,°C,Active,2026-05-26
SEN0342,SYS0444,Flow,Chicago Plant,83.33,PSI,Active,2025-12-06
SEN0343,SYS0140,Temperature,Chicago Plant,27.09,°C,Active,2026-01-01
SEN0344,SYS0430,Humidity,Phoenix Plant,18.47,L/min,Inactive,2026-02-03
SEN0345,SYS0485,Humidity,Phoenix Plant,42.22,PSI,Inactive,2026-03-09
SEN0346,SYS0357,Proximity,Phoenix Plant,44.03,L/min,Inactive,2025-12-23
SEN0347,SYS0353,Temperature,Houston Plant,34.03,%,Inactive,2025-07-24
SEN0348,SYS0412,Temperature,Dallas Plant,12.41,PSI,Active,2026-04-03
SEN0349,SYS0030,Flow,Houston Plant,24.64,L/min,Active,2025-11-15
SEN0350,SYS0180,Temperature,Dallas Plant,47.45,L/min,Active,2025-08-03
SEN0351,SYS0117,Proximity,Phoenix Plant,75.27,L/min,Active,2026-03-13
SEN0352,SYS0216,Humidity,Austin Plant,41.08,PSI,Active,2025-10-30
SEN0353,SYS0264,Proximity,Houston Plant,32.77,°C,Inactive,2025-07-24
SEN0354,SYS0249,Temperature,Dallas Plant,2.48,%,Active,2025-08-30
SEN0355,SYS0153,Proximity,Phoenix Plant,25.02,°C,Inactive,2026-05-29
SEN0356,SYS0472,Flow,Chicago Plant,68.24,%,Inactive,2026-05-12
SEN0357,SYS0221,Flow,Chicago Plant,5.0,L/min,Inactive,2026-05-30
SEN0358,SYS0083,Temperature,Houston Plant,31.47,%,Inactive,2025-11-28
SEN0359,SYS0388,Flow,Houston Plant,53.75,°C,Inactive,2026-03-24
SEN0360,SYS0401,Humidity,Houston Plant,96.48,PSI,Active,2026-02-28
SEN0361,SYS0218,Pressure,Austin Plant,85.7,%,Inactive,2025-07-27
SEN0362,SYS0410,Flow,Chicago Plant,78.33,PSI,Inactive,2026-07-02
SEN0363,SYS0173,Humidity,Dallas Plant,10.84,%,Inactive,2025-11-13
SEN0364,SYS0118,Temperature,Dallas Plant,69.48,L/min,Active,2025-12-04
SEN0365,SYS0439,Pressure,Dallas Plant,17.49,%,Active,2026-07-07
SEN0366,SYS0494,Flow,Chicago Plant,96.43,L/min,Inactive,2025-11-07
SEN0367,SYS0160,Flow,Austin Plant,76.38,°C,Inactive,2025-10-27
SEN0368,SYS0015,Temperature,Dallas Plant,17.69,°C,Active,2025-12-25
SEN0369,SYS0191,Proximity,Houston Plant,53.34,L/min,Active,2025-09-08
SEN0370,SYS0004,Proximity,Dallas Plant,10.83,L/min,Inactive,2026-02-23
SEN0371,SYS0365,Flow,Phoenix Plant,12.79,°C,Active,2026-06-15
SEN0372,SYS0296,Proximity,Houston Plant,44.41,°C,Inactive,2026-01-13
SEN0373,SYS0229,Pressure,Chicago Plant,79.25,PSI,Inactive,2025-08-01
SEN0374,SYS0039,Pressure,Dallas Plant,91.95,°C,Active,2026-04-18
SEN0375,SYS0271,Humidity,Austin Plant,73.54,L/min,Inactive,2026-04-04
SEN0376,SYS0117,Flow,Houston Plant,69.64,L/min,Active,2026-02-17
SEN0377,SYS0237,Proximity,Houston Plant,97.37,PSI,Inactive,2025-07-13
SEN0378,SYS0136,Proximity,Austin Plant,30.98,°C,Active,2025-09-14
SEN0379,SYS0258,Humidity,Houston Plant,36.2,%,Active,2025-07-18
SEN0380,SYS0017,Flow,Houston Plant,30.55,%,Inactive,2026-03-01
SEN0381,SYS0334,Flow,Houston Plant,73.98,PSI,Active,2026-05-05
SEN0382,SYS0058,Pressure,Austin Plant,15.42,L/min,Inactive,2025-12-30
SEN0383,SYS0395,Proximity,Phoenix Plant,76.53,L/min,Active,2026-01-21
SEN0384,SYS0231,Flow,Chicago Plant,76.42,PSI,Inactive,2025-09-23
SEN0385,SYS0331,Pressure,Chicago Plant,16.97,PSI,Inactive,2026-02-04
SEN0386,SYS0351,Pressure,Dallas Plant,89.77,%,Active,2025-09-02
SEN0387,SYS0336,Proximity,Dallas Plant,80.12,°C,Inactive,2025-12-01
SEN0388,SYS0493,Pressure,Dallas Plant,25.49,PSI,Active,2025-11-18
SEN0389,SYS0198,Proximity,Austin Plant,32.5,PSI,Inactive,2025-12-30
SEN0390,SYS0320,Pressure,Houston Plant,84.78,%,Active,2025-08-02
SEN0391,SYS0019,Temperature,Phoenix Plant,6.91,L/min,Inactive,2025-09-27
SEN0392,SYS0243,Proximity,Houston Plant,51.42,°C,Inactive,2025-12-19
SEN0393,SYS0177,Pressure,Houston Plant,25.41,%,Inactive,2025-11-08
SEN0394,SYS0135,Flow,Dallas Plant,82.59,PSI,Inactive,2025-11-02
SEN0395,SYS0353,Temperature,Chicago Plant,60.28,PSI,Inactive,2025-08-05
SEN0396,SYS0361,Proximity,Dallas Plant,1.56,%,Active,2025-08-21
SEN0397,SYS0330,Proximity,Dallas Plant,14.71,L/min,Inactive,2025-09-12
SEN0398,SYS0448,Proximity,Chicago Plant,80.39,L/min,Active,2026-04-14
SEN0399,SYS0454,Proximity,Dallas Plant,30.61,%,Inactive,2026-07-05
SEN0400,SYS0297,Pressure,Chicago Plant,10.47,L/min,Active,2026-03-21
SEN0401,SYS0130,Flow,Austin Plant,3.64,°C,Inactive,2025-11-08
SEN0402,SYS0364,Humidity,Austin Plant,26.78,PSI,Active,2026-04-15
SEN0403,SYS0304,Flow,Austin Plant,52.15,PSI,Active,2026-05-28
SEN0404,SYS0078,Temperature,Phoenix Plant,50.0,L/min,Active,2025-09-23
SEN0405,SYS0484,Proximity,Austin Plant,98.34,°C,Active,2025-09-01
SEN0406,SYS0086,Pressure,Dallas Plant,4.48,°C,Active,2025-11-16
SEN0407,SYS0095,Pressure,Austin Plant,88.9,°C,Active,2026-03-28
SEN0408,SYS0355,Proximity,Chicago Plant,46.13,L/min,Active,2025-10-27
SEN0409,SYS0024,Temperature,Phoenix Plant,84.13,L/min,Inactive,2026-02-25
SEN0410,SYS0063,Temperature,Phoenix Plant,8.36,%,Active,2025-12-07
SEN0411,SYS0191,Flow,Dallas Plant,28.88,PSI,Inactive,2026-02-07
SEN0412,SYS0476,Humidity,Austin Plant,64.12,°C,Active,2025-07-25
SEN0413,SYS0403,Flow,Houston Plant,42.11,PSI,Active,2026-03-25
SEN0414,SYS0162,Humidity,Chicago Plant,86.64,%,Active,2025-10-11
SEN0415,SYS0018,Temperature,Austin Plant,73.33,°C,Inactive,2025-10-24
SEN0416,SYS0428,Flow,Austin Plant,0.35,%,Inactive,2026-04-02
SEN0417,SYS0488,Proximity,Chicago Plant,43.75,°C,Inactive,2025-08-04
SEN0418,SYS0011,Temperature,Chicago Plant,43.29,L/min,Inactive,2026-02-28
SEN0419,SYS0138,Temperature,Dallas Plant,1.3,L/min,Inactive,2025-12-31
SEN0420,SYS0154,Temperature,Dallas Plant,70.41,PSI,Inactive,2026-02-14
SEN0421,SYS0001,Flow,Phoenix Plant,32.39,L/min,Inactive,2026-04-01
SEN0422,SYS0396,Proximity,Chicago Plant,4.2,°C,Inactive,2025-07-18
SEN0423,SYS0396,Proximity,Austin Plant,42.99,PSI,Inactive,2025-11-30
SEN0424,SYS0284,Pressure,Chicago Plant,53.43,L/min,Active,2025-10-12
SEN0425,SYS0199,Proximity,Chicago Plant,78.49,PSI,Inactive,2025-08-27
SEN0426,SYS0286,Proximity,Phoenix Plant,89.77,°C,Inactive,2025-09-10
SEN0427,SYS0271,Flow,Phoenix Plant,7.26,°C,Inactive,2026-03-20
SEN0428,SYS0412,Proximity,Chicago Plant,18.06,L/min,Active,2026-01-05
SEN0429,SYS0292,Flow,Chicago Plant,2.34,PSI,Active,2026-01-02
SEN0430,SYS0012,Temperature,Austin Plant,43.16,%,Inactive,2025-11-30
SEN0431,SYS0435,Proximity,Phoenix Plant,55.91,PSI,Inactive,2025-09-17
SEN0432,SYS0008,Humidity,Dallas Plant,55.33,°C,Inactive,2026-04-29
SEN0433,SYS0479,Pressure,Dallas Plant,78.4,%,Inactive,2026-03-10
SEN0434,SYS0262,Humidity,Dallas Plant,46.06,L/min,Inactive,2026-05-13
SEN0435,SYS0362,Temperature,Austin Plant,48.83,L/min,Active,2026-06-14
SEN0436,SYS0402,Temperature,Dallas Plant,54.18,PSI,Inactive,2025-09-09
SEN0437,SYS0048,Proximity,Phoenix Plant,40.28,PSI,Inactive,2026-06-11
SEN0438,SYS0137,Pressure,Austin Plant,14.09,L/min,Inactive,2026-07-04
SEN0439,SYS0263,Proximity,Dallas Plant,44.93,%,Inactive,2025-09-19
SEN0440,SYS0137,Pressure,Dallas Plant,82.33,%,Inactive,2025-11-17
SEN0441,SYS0191,Flow,Dallas Plant,31.9,PSI,Active,2025-08-13
SEN0442,SYS0433,Proximity,Austin Plant,12.63,%,Inactive,2026-04-20
SEN0443,SYS0426,Temperature,Phoenix Plant,1.81,°C,Active,2026-02-04
SEN0444,SYS0324,Flow,Austin Plant,92.53,%,Inactive,2025-09-25
SEN0445,SYS0141,Temperature,Chicago Plant,17.17,PSI,Inactive,2025-07-29
SEN0446,SYS0434,Flow,Austin Plant,50.31,%,Inactive,2026-03-13
SEN0447,SYS0003,Temperature,Dallas Plant,48.55,PSI,Active,2025-12-06
SEN0448,SYS0353,Humidity,Chicago Plant,24.04,PSI,Inactive,2025-09-27
SEN0449,SYS0038,Flow,Phoenix Plant,92.42,%,Active,2025-12-12
SEN0450,SYS0247,Temperature,Dallas Plant,78.63,°C,Active,2026-05-09
SEN0451,SYS0060,Proximity,Houston Plant,97.47,PSI,Inactive,2025-07-27
SEN0452,SYS0454,Temperature,Dallas Plant,31.5,L/min,Active,2026-03-08
SEN0453,SYS0383,Temperature,Houston Plant,22.74,L/min,Active,2026-03-12
SEN0454,SYS0421,Proximity,Austin Plant,19.96,°C,Inactive,2025-12-17
SEN0455,SYS0037,Flow,Phoenix Plant,31.39,°C,Active,2025-09-16
SEN0456,SYS0490,Flow,Houston Plant,90.61,°C,Inactive,2025-08-03
SEN0457,SYS0288,Humidity,Houston Plant,22.7,PSI,Inactive,2026-05-06
SEN0458,SYS0212,Proximity,Phoenix Plant,57.31,L/min,Inactive,2026-05-23
SEN0459,SYS0068,Proximity,Houston Plant,27.9,L/min,Active,2025-07-14
SEN0460,SYS0212,Temperature,Phoenix Plant,79.3,PSI,Inactive,2026-03-13
SEN0461,SYS0104,Humidity,Phoenix Plant,8.26,°C,Active,2025-08-13
SEN0462,SYS0133,Humidity,Dallas Plant,15.37,L/min,Active,2026-06-05
SEN0463,SYS0351,Pressure,Dallas Plant,46.83,%,Active,2025-10-03
SEN0464,SYS0498,Humidity,Chicago Plant,25.6,PSI,Inactive,2026-07-03
SEN0465,SYS0447,Pressure,Chicago Plant,52.99,L/min,Inactive,2026-05-03
SEN0466,SYS0280,Flow,Dallas Plant,74.53,L/min,Active,2025-12-01
SEN0467,SYS0302,Proximity,Austin Plant,98.97,%,Inactive,2026-05-31
SEN0468,SYS0477,Proximity,Phoenix Plant,19.52,%,Active,2026-06-04
SEN0469,SYS0163,Pressure,Chicago Plant,92.11,%,Inactive,2026-01-29
SEN0470,SYS0469,Pressure,Phoenix Plant,4.74,%,Active,2026-05-10
SEN0471,SYS0229,Flow,Houston Plant,70.47,L/min,Inactive,2025-09-12
SEN0472,SYS0230,Proximity,Houston Plant,35.24,%,Inactive,2026-02-13
SEN0473,SYS0082,Pressure,Phoenix Plant,18.28,°C,Active,2025-07-24
SEN0474,SYS0277,Humidity,Houston Plant,10.71,L/min,Inactive,2025-12-14
SEN0475,SYS0375,Temperature,Phoenix Plant,10.17,PSI,Active,2025-12-31
SEN0476,SYS0487,Temperature,Dallas Plant,46.27,L/min,Active,2026-07-02
SEN0477,SYS0308,Temperature,Austin Plant,32.85,%,Inactive,2025-12-18
SEN0478,SYS0350,Flow,Dallas Plant,68.67,PSI,Active,2026-01-31
SEN0479,SYS0325,Temperature,Chicago Plant,71.71,%,Active,2026-06-01
SEN0480,SYS0162,Humidity,Dallas Plant,68.26,°C,Active,2026-03-23
SEN0481,SYS0342,Pressure,Austin Plant,43.77,%,Inactive,2025-08-14
SEN0482,SYS0447,Temperature,Dallas Plant,15.79,L/min,Active,2025-09-12
SEN0483,SYS0041,Humidity,Dallas Plant,33.73,PSI,Inactive,2026-06-28
SEN0484,SYS0495,Proximity,Houston Plant,44.02,%,Active,2026-05-14
SEN0485,SYS0225,Humidity,Dallas Plant,95.59,L/min,Active,2026-05-05
SEN0486,SYS0392,Flow,Austin Plant,84.45,L/min,Active,2026-05-04
SEN0487,SYS0477,Humidity,Phoenix Plant,67.41,°C,Active,2025-09-07
SEN0488,SYS0342,Temperature,Dallas Plant,0.97,L/min,Inactive,2026-06-25
SEN0489,SYS0491,Proximity,Austin Plant,96.98,°C,Active,2026-04-06
SEN0490,SYS0354,Proximity,Dallas Plant,0.3,%,Active,2025-07-16
SEN0491,SYS0481,Temperature,Austin Plant,42.84,%,Active,2026-02-08
SEN0492,SYS0037,Proximity,Houston Plant,62.69,°C,Active,2026-01-21
SEN0493,SYS0335,Humidity,Phoenix Plant,61.66,PSI,Inactive,2025-12-08
SEN0494,SYS0178,Pressure,Houston Plant,68.6,%,Active,2026-02-02
SEN0495,SYS0024,Humidity,Chicago Plant,7.07,°C,Inactive,2026-03-24
SEN0496,SYS0494,Flow,Phoenix Plant,94.06,°C,Active,2025-11-10
SEN0497,SYS0204,Proximity,Chicago Plant,94.29,°C,Active,2026-06-16
SEN0498,SYS0280,Flow,Chicago Plant,47.75,°C,Active,2026-04-13
SEN0499,SYS0246,Proximity,Houston Plant,69.44,PSI,Active,2026-02-17
SEN0500,SYS0340,Pressure,Phoenix Plant,84.83,%,Inactive,2025-10-10
