Item_ID,Material,Warehouse,Stock,Reorder_Level,Inventory_Value,Low_Stock
ITM0001,Rubber Seal,Phoenix,488,111,58560,False
ITM0002,Sensor,Atlanta,69,62,10626,False
ITM0003,Transformer,Phoenix,923,170,143988,False
ITM0004,Steel Rod,Chicago,887,77,204010,False
ITM0005,Circuit Board,Atlanta,764,143,306364,False
ITM0006,Sensor,Phoenix,66,152,2376,True
ITM0007,Rubber Seal,New York,219,142,64167,False
ITM0008,Copper Wire,Phoenix,415,179,99600,False
ITM0009,Circuit Board,Dallas,865,80,64875,False
ITM0010,Bearing,New York,402,136,118590,False
ITM0011,Plastic Sheet,Phoenix,223,180,47945,False
ITM0012,Steel Rod,New York,66,59,5280,False
ITM0013,Aluminum Plate,Phoenix,551,166,47386,False
ITM0014,Rubber Seal,Phoenix,163,133,79218,False
ITM0015,Sensor,New York,186,150,60450,False
ITM0016,Transformer,Phoenix,364,179,157976,False
ITM0017,Rubber Seal,Atlanta,521,194,84923,False
ITM0018,Steel Rod,Dallas,397,134,140538,False
ITM0019,Bearing,Dallas,617,128,257289,False
ITM0020,Transformer,Phoenix,505,117,174225,False
ITM0021,Transformer,Atlanta,253,63,77924,False
ITM0022,Plastic Sheet,Chicago,556,147,47260,False
ITM0023,Steel Rod,Dallas,606,78,64842,False
ITM0024,Aluminum Plate,Atlanta,341,157,29667,False
ITM0025,Motor,Phoenix,440,178,178640,False
ITM0026,Aluminum Plate,Chicago,913,65,338723,False
ITM0027,Rubber Seal,Atlanta,232,193,40832,False
ITM0028,Rubber Seal,Chicago,405,130,202095,False
ITM0029,Aluminum Plate,Phoenix,954,186,176490,False
ITM0030,Sensor,Atlanta,712,117,229264,False
ITM0031,Motor,Phoenix,1000,113,152000,False
ITM0032,Circuit Board,New York,250,126,101000,False
ITM0033,Motor,Atlanta,726,175,124872,False
ITM0034,Sensor,Dallas,593,120,93101,False
ITM0035,Transformer,Atlanta,712,189,145248,False
ITM0036,Sensor,Dallas,997,87,157526,False
ITM0037,Circuit Board,Atlanta,998,70,186626,False
ITM0038,Circuit Board,Chicago,785,172,93415,False
ITM0039,Rubber Seal,New York,297,193,108702,False
ITM0040,Plastic Sheet,Chicago,131,200,17292,True
ITM0041,Steel Rod,Chicago,705,185,88125,False
ITM0042,Steel Rod,Atlanta,122,155,21838,True
ITM0043,Copper Wire,Phoenix,717,85,8604,False
ITM0044,Plastic Sheet,Chicago,436,171,110744,False
ITM0045,Circuit Board,Dallas,348,123,118320,False
ITM0046,Copper Wire,Phoenix,687,196,87936,False
ITM0047,Steel Rod,Chicago,955,94,212965,False
ITM0048,Steel Rod,Atlanta,876,151,361788,False
ITM0049,Plastic Sheet,Dallas,979,124,448382,False
ITM0050,Steel Rod,Dallas,325,195,103350,False
ITM0051,Sensor,Phoenix,311,166,105118,False
ITM0052,Rubber Seal,Phoenix,525,84,233625,False
ITM0053,Aluminum Plate,Dallas,299,99,126776,False
ITM0054,Sensor,New York,186,167,63426,False
ITM0055,Plastic Sheet,New York,34,136,14076,True
ITM0056,Transformer,Phoenix,710,99,70290,False
ITM0057,Bearing,New York,866,159,236418,False
ITM0058,Copper Wire,Chicago,430,74,44720,False
ITM0059,Aluminum Plate,New York,351,113,4563,False
ITM0060,Bearing,New York,261,164,103095,False
ITM0061,Sensor,Phoenix,329,199,125020,False
ITM0062,Steel Rod,Chicago,287,142,104468,False
ITM0063,Steel Rod,New York,703,80,174344,False
ITM0064,Plastic Sheet,New York,435,178,209670,False
ITM0065,Copper Wire,Phoenix,674,125,133452,False
ITM0066,Motor,Chicago,244,84,61976,False
ITM0067,Aluminum Plate,Phoenix,785,145,174270,False
ITM0068,Aluminum Plate,Chicago,795,187,333900,False
ITM0069,Motor,Atlanta,716,70,199764,False
ITM0070,Rubber Seal,Phoenix,740,142,36260,False
ITM0071,Copper Wire,Phoenix,83,190,39176,True
ITM0072,Motor,Chicago,606,187,52116,False
ITM0073,Sensor,Dallas,894,183,210984,False
ITM0074,Motor,Dallas,754,199,196040,False
ITM0075,Rubber Seal,Chicago,476,64,115192,False
ITM0076,Rubber Seal,Dallas,445,166,132610,False
ITM0077,Rubber Seal,Dallas,493,128,187340,False
ITM0078,Bearing,Chicago,280,50,109480,False
ITM0079,Transformer,New York,94,61,21244,False
ITM0080,Copper Wire,Dallas,574,65,280112,False
ITM0081,Aluminum Plate,Chicago,52,123,11388,True
ITM0082,Plastic Sheet,Atlanta,804,157,161604,False
ITM0083,Aluminum Plate,Dallas,910,146,183820,False
ITM0084,Rubber Seal,Chicago,156,139,10920,False
ITM0085,Rubber Seal,Chicago,422,185,31650,False
ITM0086,Steel Rod,Atlanta,794,55,128628,False
ITM0087,Rubber Seal,Chicago,454,186,92616,False
ITM0088,Motor,New York,491,138,43699,False
ITM0089,Motor,Atlanta,979,78,25454,False
ITM0090,Transformer,Chicago,804,54,106932,False
ITM0091,Copper Wire,Phoenix,123,58,29274,False
ITM0092,Steel Rod,Atlanta,270,61,58050,False
ITM0093,Motor,Dallas,572,105,226512,False
ITM0094,Plastic Sheet,Phoenix,535,124,69015,False
ITM0095,Sensor,New York,611,132,80041,False
ITM0096,Plastic Sheet,Atlanta,696,183,85608,False
ITM0097,Circuit Board,Phoenix,301,65,88795,False
ITM0098,Plastic Sheet,Atlanta,661,159,194334,False
ITM0099,Steel Rod,Phoenix,372,147,153264,False
ITM0100,Sensor,Chicago,733,156,160527,False
ITM0101,Circuit Board,Phoenix,405,97,160380,False
ITM0102,Aluminum Plate,Chicago,266,107,43358,False
ITM0103,Aluminum Plate,Atlanta,956,64,283932,False
ITM0104,Bearing,Atlanta,590,185,46020,False
ITM0105,Motor,Dallas,281,102,50299,False
ITM0106,Aluminum Plate,Phoenix,887,144,50559,False
ITM0107,Motor,Phoenix,72,118,14616,True
ITM0108,Transformer,Phoenix,60,68,6360,True
ITM0109,Rubber Seal,New York,242,172,28072,False
ITM0110,Circuit Board,Chicago,999,53,117882,False
ITM0111,Copper Wire,Chicago,784,172,374752,False
ITM0112,Transformer,Chicago,740,102,157620,False
ITM0113,Rubber Seal,Atlanta,349,122,71196,False
ITM0114,Rubber Seal,New York,684,141,114228,False
ITM0115,Sensor,Dallas,545,177,135160,False
ITM0116,Aluminum Plate,Chicago,799,131,381922,False
ITM0117,Sensor,Phoenix,340,155,11220,False
ITM0118,Motor,New York,779,87,14022,False
ITM0119,Rubber Seal,Atlanta,977,199,298962,False
ITM0120,Circuit Board,Chicago,176,100,31328,False
ITM0121,Bearing,Phoenix,603,112,159795,False
ITM0122,Sensor,Atlanta,283,175,107540,False
ITM0123,Aluminum Plate,Chicago,192,140,18432,False
ITM0124,Rubber Seal,Phoenix,520,97,249080,False
ITM0125,Steel Rod,Dallas,556,58,244084,False
ITM0126,Steel Rod,Chicago,802,51,177242,False
ITM0127,Motor,Chicago,89,88,1246,False
ITM0128,Rubber Seal,Phoenix,486,145,19440,False
ITM0129,Transformer,Atlanta,954,173,331038,False
ITM0130,Steel Rod,Atlanta,26,186,7592,True
ITM0131,Steel Rod,New York,37,185,14023,True
ITM0132,Rubber Seal,Atlanta,313,54,83571,False
ITM0133,Plastic Sheet,Chicago,129,74,35862,False
ITM0134,Motor,New York,216,184,30024,False
ITM0135,Circuit Board,New York,834,151,41700,False
ITM0136,Bearing,Chicago,490,194,65660,False
ITM0137,Circuit Board,Dallas,720,70,247680,False
ITM0138,Copper Wire,Phoenix,435,147,88305,False
ITM0139,Aluminum Plate,Chicago,77,52,28413,False
ITM0140,Copper Wire,New York,531,161,180540,False
ITM0141,Transformer,Phoenix,898,74,420264,False
ITM0142,Steel Rod,Phoenix,255,104,120105,False
ITM0143,Aluminum Plate,Dallas,297,61,143451,False
ITM0144,Circuit Board,Dallas,940,189,280120,False
ITM0145,Plastic Sheet,Chicago,971,130,17478,False
ITM0146,Transformer,Dallas,167,151,80995,False
ITM0147,Circuit Board,Phoenix,186,194,24738,True
ITM0148,Bearing,Atlanta,713,188,127627,False
ITM0149,Plastic Sheet,New York,829,70,220514,False
ITM0150,Steel Rod,Dallas,120,161,15360,True
ITM0151,Sensor,New York,639,151,259434,False
ITM0152,Steel Rod,Atlanta,669,119,274959,False
ITM0153,Aluminum Plate,Atlanta,253,141,74129,False
ITM0154,Bearing,Atlanta,210,199,73080,False
ITM0155,Copper Wire,Chicago,810,125,338580,False
ITM0156,Copper Wire,Atlanta,104,118,9152,True
ITM0157,Plastic Sheet,New York,777,149,133644,False
ITM0158,Copper Wire,New York,113,51,55596,False
ITM0159,Aluminum Plate,Chicago,388,119,24056,False
ITM0160,Copper Wire,Phoenix,211,160,50429,False
ITM0161,Rubber Seal,Dallas,544,154,33728,False
ITM0162,Copper Wire,Phoenix,382,191,21774,False
ITM0163,Transformer,Atlanta,823,133,371996,False
ITM0164,Steel Rod,Dallas,318,155,66144,False
ITM0165,Rubber Seal,Phoenix,946,112,285692,False
ITM0166,Plastic Sheet,Chicago,721,147,69216,False
ITM0167,Circuit Board,Chicago,328,118,85936,False
ITM0168,Copper Wire,Atlanta,191,161,28841,False
ITM0169,Circuit Board,New York,515,69,99910,False
ITM0170,Motor,Phoenix,758,176,238012,False
ITM0171,Motor,New York,488,77,38552,False
ITM0172,Steel Rod,Phoenix,991,151,178380,False
ITM0173,Bearing,New York,843,134,198105,False
ITM0174,Bearing,New York,855,84,139365,False
ITM0175,Transformer,New York,990,101,252450,False
ITM0176,Plastic Sheet,Atlanta,427,131,67893,False
ITM0177,Transformer,Atlanta,820,112,144320,False
ITM0178,Circuit Board,Dallas,856,150,167776,False
ITM0179,Transformer,Phoenix,224,189,22848,False
ITM0180,Steel Rod,Chicago,995,168,489540,False
ITM0181,Aluminum Plate,Dallas,836,124,363660,False
ITM0182,Bearing,New York,709,177,57429,False
ITM0183,Motor,Atlanta,278,89,104528,False
ITM0184,Bearing,Atlanta,95,164,30020,True
ITM0185,Transformer,Atlanta,430,186,115670,False
ITM0186,Rubber Seal,Phoenix,57,142,21033,True
ITM0187,Transformer,Chicago,673,71,43745,False
ITM0188,Sensor,Atlanta,190,61,56620,False
ITM0189,Sensor,Dallas,835,160,53440,False
ITM0190,Copper Wire,Phoenix,284,106,76964,False
ITM0191,Rubber Seal,Atlanta,614,197,75522,False
ITM0192,Sensor,Phoenix,420,168,170100,False
ITM0193,Rubber Seal,Atlanta,174,138,3828,False
ITM0194,Copper Wire,Dallas,322,156,154882,False
ITM0195,Copper Wire,New York,871,86,163748,False
ITM0196,Sensor,Atlanta,486,102,134136,False
ITM0197,Sensor,Atlanta,507,74,118638,False
ITM0198,Sensor,Dallas,88,126,2816,True
ITM0199,Steel Rod,Dallas,889,137,303149,False
ITM0200,Plastic Sheet,Chicago,972,112,266328,False
