Invoice_ID,Supplier,Invoice_Date,PO_Number,Invoice_Amount,PO_Amount,Difference,Validation_Status,Finance_Status
INV0001,ABC Metals,2026-02-04,PO0001,28419,28060,359,Mismatch,Pending
INV0002,Vertex Industries,2026-03-31,PO0002,24414,24346,68,Mismatch,Pending
INV0003,Global Steel,2025-07-17,PO0003,18290,17885,405,Mismatch,Approved
INV0004,Future Materials,2026-06-03,PO0004,8638,8174,464,Mismatch,Pending
INV0005,Future Materials,2026-04-06,PO0005,23254,22770,484,Mismatch,On Hold
INV0006,ABC Metals,2026-03-13,PO0006,22732,22620,112,Mismatch,Pending
INV0007,Prime Industries,2026-01-13,PO0007,27499,27202,297,Mismatch,Approved
INV0008,Global Steel,2026-05-29,PO0008,14237,13869,368,Mismatch,On Hold
INV0009,Prime Industries,2026-02-17,PO0009,3423,3322,101,Mismatch,Approved
INV0010,ABC Metals,2025-12-25,PO0010,32958,32562,396,Mismatch,On Hold
INV0011,Rapid Components,2026-03-07,PO0011,13269,12880,389,Mismatch,Approved
INV0012,Titan Supply,2026-04-13,PO0012,35574,35325,249,Mismatch,Approved
INV0013,United Supplies,2026-03-20,PO0013,5585,5525,60,Mismatch,Pending
INV0014,United Supplies,2026-06-26,PO0014,7177,6951,226,Mismatch,Pending
INV0015,Rapid Components,2025-12-31,PO0015,30963,30680,283,Mismatch,Pending
INV0016,Prime Industries,2026-02-28,PO0016,9220,8924,296,Mismatch,On Hold
INV0017,Prime Industries,2026-03-07,PO0017,19321,19092,229,Mismatch,Approved
INV0018,Future Materials,2026-01-06,PO0018,41983,41610,373,Mismatch,On Hold
INV0019,Industrial Parts,2025-12-06,PO0019,34464,34155,309,Mismatch,Approved
INV0020,Vertex Industries,2025-08-28,PO0020,22898,22528,370,Mismatch,Pending
INV0021,United Supplies,2026-02-05,PO0021,20577,20430,147,Mismatch,Approved
INV0022,ABC Metals,2026-06-08,PO0022,18821,18408,413,Mismatch,Pending
INV0023,Blue Manufacturing,2025-12-31,PO0023,5618,5424,194,Mismatch,On Hold
INV0024,Blue Manufacturing,2026-06-05,PO0024,9494,9300,194,Mismatch,Pending
INV0025,Prime Industries,2026-02-10,PO0025,34973,34503,470,Mismatch,On Hold
INV0026,Rapid Components,2026-05-15,PO0026,17667,17190,477,Mismatch,Pending
INV0027,Titan Supply,2025-08-25,PO0027,21022,20868,154,Mismatch,Pending
INV0028,Blue Manufacturing,2026-06-07,PO0028,46915,46420,495,Mismatch,Approved
INV0029,Industrial Parts,2026-02-15,PO0029,29099,28782,317,Mismatch,Approved
INV0030,Global Steel,2025-07-31,PO0030,18530,18396,134,Mismatch,Pending
INV0031,ABC Metals,2025-12-15,PO0031,4590,4437,153,Mismatch,Pending
INV0032,Industrial Parts,2025-08-12,PO0032,47248,46866,382,Mismatch,On Hold
INV0033,ABC Metals,2026-02-07,PO0033,16202,15826,376,Mismatch,On Hold
INV0034,Prime Industries,2025-10-12,PO0034,5235,4851,384,Mismatch,Approved
INV0035,Vertex Industries,2025-07-16,PO0035,52657,52319,338,Mismatch,Approved
INV0036,Vertex Industries,2026-01-16,PO0036,2312,1947,365,Mismatch,On Hold
INV0037,Rapid Components,2025-12-22,PO0037,20372,20294,78,Mismatch,On Hold
INV0038,Titan Supply,2025-11-02,PO0038,21239,20826,413,Mismatch,On Hold
INV0039,Blue Manufacturing,2026-06-29,PO0039,7863,7630,233,Mismatch,Approved
INV0040,United Supplies,2026-02-02,PO0040,35570,35143,427,Mismatch,Approved
INV0041,Industrial Parts,2026-01-23,PO0041,6056,5655,401,Mismatch,Approved
INV0042,Global Steel,2026-01-08,PO0042,38451,38130,321,Mismatch,Approved
INV0043,Industrial Parts,2026-03-21,PO0043,23516,23460,56,Mismatch,On Hold
INV0044,Blue Manufacturing,2025-08-01,PO0044,42207,41992,215,Mismatch,Pending
INV0045,ABC Metals,2026-04-16,PO0045,38567,38142,425,Mismatch,Approved
INV0046,United Supplies,2026-03-03,PO0046,35253,34960,293,Mismatch,On Hold
INV0047,Prime Industries,2025-11-24,PO0047,20603,20468,135,Mismatch,Approved
INV0048,Rapid Components,2025-11-11,PO0048,13658,13364,294,Mismatch,Approved
INV0049,Global Steel,2026-03-23,PO0049,54540,54360,180,Mismatch,Approved
INV0050,Vertex Industries,2026-03-22,PO0050,2375,2275,100,Mismatch,Pending
INV0051,Future Materials,2026-03-02,PO0051,17800,17640,160,Mismatch,Approved
INV0052,Rapid Components,2025-11-04,PO0052,12590,12376,214,Mismatch,Approved
INV0053,Future Materials,2025-08-23,PO0053,14140,13896,244,Mismatch,On Hold
INV0054,Titan Supply,2026-03-25,PO0054,28108,27740,368,Mismatch,Approved
INV0055,ABC Metals,2025-11-12,PO0055,10054,9916,138,Mismatch,Pending
INV0056,United Supplies,2026-03-30,PO0056,12008,11700,308,Mismatch,Pending
INV0057,Rapid Components,2025-10-21,PO0057,24153,23883,270,Mismatch,Approved
INV0058,Vertex Industries,2025-10-25,PO0058,12903,12584,319,Mismatch,Pending
INV0059,Future Materials,2026-04-03,PO0059,6279,5824,455,Mismatch,Pending
INV0060,Rapid Components,2025-08-13,PO0060,10497,10075,422,Mismatch,On Hold
INV0061,ABC Metals,2025-11-12,PO0061,15927,15768,159,Mismatch,On Hold
INV0062,Blue Manufacturing,2026-06-09,PO0062,18660,18473,187,Mismatch,On Hold
INV0063,United Supplies,2026-07-03,PO0063,38089,37600,489,Mismatch,Pending
INV0064,Titan Supply,2025-08-10,PO0064,21410,21146,264,Mismatch,Pending
INV0065,United Supplies,2026-02-11,PO0065,17898,17496,402,Mismatch,Approved
INV0066,Global Steel,2025-08-30,PO0066,56347,55932,415,Mismatch,Approved
INV0067,Prime Industries,2025-09-28,PO0067,27393,27300,93,Mismatch,On Hold
INV0068,Prime Industries,2026-01-25,PO0068,7401,7020,381,Mismatch,Pending
INV0069,ABC Metals,2025-10-12,PO0069,10934,10545,389,Mismatch,Approved
INV0070,Blue Manufacturing,2025-12-12,PO0070,16810,16598,212,Mismatch,Pending
INV0071,ABC Metals,2026-07-21,PO0071,5795,5456,339,Mismatch,On Hold
INV0072,Titan Supply,2026-06-30,PO0072,20374,19880,494,Mismatch,Approved
INV0073,Rapid Components,2025-11-21,PO0073,13038,12684,354,Mismatch,On Hold
INV0074,Vertex Industries,2026-01-04,PO0074,4057,3968,89,Mismatch,On Hold
INV0075,United Supplies,2025-11-04,PO0075,31590,31520,70,Mismatch,Pending
INV0076,Titan Supply,2025-09-18,PO0076,16513,16443,70,Mismatch,Approved
INV0077,United Supplies,2026-06-22,PO0077,27155,26988,167,Mismatch,Pending
INV0078,ABC Metals,2025-09-03,PO0078,16822,16698,124,Mismatch,Pending
INV0079,Global Steel,2025-08-08,PO0079,18142,17784,358,Mismatch,Approved
INV0080,Vertex Industries,2026-06-21,PO0080,34628,34170,458,Mismatch,Approved
INV0081,Global Steel,2025-12-31,PO0081,5394,5016,378,Mismatch,Pending
INV0082,Industrial Parts,2026-07-01,PO0082,21370,21318,52,Mismatch,Pending
INV0083,ABC Metals,2025-12-14,PO0083,39894,39676,218,Mismatch,Approved
INV0084,Prime Industries,2026-03-11,PO0084,3512,3250,262,Mismatch,Pending
INV0085,Industrial Parts,2026-06-27,PO0085,9835,9568,267,Mismatch,Pending
INV0086,Future Materials,2026-04-25,PO0086,11595,11480,115,Mismatch,Pending
INV0087,Vertex Industries,2025-07-17,PO0087,9480,9396,84,Mismatch,Pending
INV0088,Industrial Parts,2026-06-04,PO0088,6264,5887,377,Mismatch,Pending
INV0089,Global Steel,2025-12-02,PO0089,29246,28968,278,Mismatch,Approved
INV0090,Global Steel,2025-10-13,PO0090,44161,43710,451,Mismatch,Pending
INV0091,Future Materials,2026-04-17,PO0091,43182,42896,286,Mismatch,Pending
INV0092,Blue Manufacturing,2025-09-29,PO0092,11709,11526,183,Mismatch,Pending
INV0093,Vertex Industries,2026-02-03,PO0093,10885,10560,325,Mismatch,Pending
INV0094,Blue Manufacturing,2025-10-24,PO0094,58388,58000,388,Mismatch,Pending
INV0095,Blue Manufacturing,2025-08-21,PO0095,31539,31242,297,Mismatch,Approved
INV0096,Global Steel,2025-11-09,PO0096,39940,39456,484,Mismatch,Approved
INV0097,Future Materials,2026-04-12,PO0097,10403,9975,428,Mismatch,On Hold
INV0098,ABC Metals,2026-01-11,PO0098,37192,36696,496,Mismatch,Approved
INV0099,United Supplies,2025-08-06,PO0099,29491,29007,484,Mismatch,Pending
INV0100,Vertex Industries,2026-05-01,PO0100,21317,21195,122,Mismatch,Pending
INV0101,Blue Manufacturing,2026-04-03,PO0101,14553,14272,281,Mismatch,Approved
INV0102,ABC Metals,2025-12-14,PO0102,57315,57240,75,Mismatch,Approved
INV0103,United Supplies,2025-11-28,PO0103,5244,5184,60,Mismatch,Pending
INV0104,Future Materials,2026-05-09,PO0104,10615,10272,343,Mismatch,Pending
INV0105,Industrial Parts,2026-01-19,PO0105,8953,8874,79,Mismatch,Pending
INV0106,Vertex Industries,2026-03-29,PO0106,11260,11128,132,Mismatch,On Hold
INV0107,United Supplies,2026-04-11,PO0107,29251,28866,385,Mismatch,On Hold
INV0108,Prime Industries,2026-06-23,PO0108,9648,9510,138,Mismatch,Pending
INV0109,United Supplies,2026-06-01,PO0109,44012,43662,350,Mismatch,Approved
INV0110,Rapid Components,2026-04-24,PO0110,8729,8460,269,Mismatch,Pending
INV0111,Global Steel,2025-11-16,PO0111,14838,14550,288,Mismatch,Approved
INV0112,Vertex Industries,2025-09-18,PO0112,20051,19926,125,Mismatch,Approved
INV0113,United Supplies,2025-10-22,PO0113,17555,17277,278,Mismatch,On Hold
INV0114,Titan Supply,2025-09-15,PO0114,6242,5904,338,Mismatch,On Hold
INV0115,United Supplies,2025-12-10,PO0115,11613,11220,393,Mismatch,On Hold
INV0116,ABC Metals,2025-09-09,PO0116,27727,27240,487,Mismatch,On Hold
INV0117,Global Steel,2025-12-07,PO0117,3905,3626,279,Mismatch,On Hold
INV0118,Global Steel,2025-12-02,PO0118,18512,18018,494,Mismatch,Pending
INV0119,Titan Supply,2025-09-17,PO0119,32709,32634,75,Mismatch,Approved
INV0120,Blue Manufacturing,2026-06-09,PO0120,9680,9198,482,Mismatch,Approved
INV0121,Prime Industries,2025-09-29,PO0121,12656,12510,146,Mismatch,Approved
INV0122,Rapid Components,2026-03-19,PO0122,19337,19178,159,Mismatch,Pending
INV0123,Future Materials,2026-06-02,PO0123,11953,11750,203,Mismatch,On Hold
INV0124,Rapid Components,2025-08-24,PO0124,6720,6474,246,Mismatch,Pending
INV0125,United Supplies,2026-06-14,PO0125,59175,59000,175,Mismatch,Approved
INV0126,ABC Metals,2026-01-21,PO0126,19346,19040,306,Mismatch,Approved
INV0127,ABC Metals,2026-03-09,PO0127,18359,18278,81,Mismatch,Pending
INV0128,Rapid Components,2026-05-18,PO0128,36040,35552,488,Mismatch,Approved
INV0129,Rapid Components,2025-09-13,PO0129,17488,17113,375,Mismatch,Approved
INV0130,Rapid Components,2025-12-17,PO0130,5866,5428,438,Mismatch,Approved
INV0131,Vertex Industries,2025-07-27,PO0131,27677,27352,325,Mismatch,Pending
INV0132,Rapid Components,2025-10-20,PO0132,20521,20118,403,Mismatch,On Hold
INV0133,Prime Industries,2025-08-30,PO0133,16860,16380,480,Mismatch,Approved
INV0134,Prime Industries,2026-05-03,PO0134,40831,40404,427,Mismatch,Approved
INV0135,Rapid Components,2025-12-02,PO0135,9536,9360,176,Mismatch,Pending
INV0136,Titan Supply,2026-06-10,PO0136,10438,10230,208,Mismatch,Pending
INV0137,Vertex Industries,2026-06-21,PO0137,11960,11741,219,Mismatch,Approved
INV0138,Industrial Parts,2026-01-26,PO0138,16084,15616,468,Mismatch,Pending
INV0139,Rapid Components,2025-10-08,PO0139,26233,25833,400,Mismatch,Pending
INV0140,Prime Industries,2025-08-07,PO0140,7393,7280,113,Mismatch,On Hold
INV0141,United Supplies,2025-10-02,PO0141,4789,4509,280,Mismatch,Approved
INV0142,United Supplies,2026-04-06,PO0142,8042,7770,272,Mismatch,Pending
INV0143,Future Materials,2026-05-04,PO0143,21750,21603,147,Mismatch,Approved
INV0144,Blue Manufacturing,2025-10-02,PO0144,27920,27573,347,Mismatch,Approved
INV0145,Global Steel,2026-07-08,PO0145,7244,7163,81,Mismatch,On Hold
INV0146,ABC Metals,2025-08-10,PO0146,56033,55800,233,Mismatch,On Hold
INV0147,Vertex Industries,2025-08-23,PO0147,6537,6360,177,Mismatch,Pending
INV0148,Industrial Parts,2025-12-12,PO0148,9544,9405,139,Mismatch,On Hold
INV0149,Blue Manufacturing,2026-07-02,PO0149,3077,2730,347,Mismatch,On Hold
INV0150,Vertex Industries,2025-10-18,PO0150,19114,18645,469,Mismatch,Pending
INV0151,Vertex Industries,2025-10-06,PO0151,50775,50380,395,Mismatch,On Hold
INV0152,Titan Supply,2026-02-27,PO0152,10402,10070,332,Mismatch,Pending
INV0153,Titan Supply,2025-09-27,PO0153,14359,14235,124,Mismatch,On Hold
INV0154,ABC Metals,2025-07-24,PO0154,16991,16687,304,Mismatch,Pending
INV0155,Future Materials,2025-07-23,PO0155,2773,2438,335,Mismatch,On Hold
INV0156,Industrial Parts,2026-06-24,PO0156,22094,21762,332,Mismatch,On Hold
INV0157,Global Steel,2026-06-05,PO0157,42976,42680,296,Mismatch,On Hold
INV0158,Titan Supply,2026-02-13,PO0158,22941,22686,255,Mismatch,Approved
INV0159,Blue Manufacturing,2026-03-10,PO0159,33584,33152,432,Mismatch,Approved
INV0160,Blue Manufacturing,2026-04-09,PO0160,46659,46265,394,Mismatch,Approved
INV0161,United Supplies,2025-08-31,PO0161,8513,8326,187,Mismatch,On Hold
INV0162,Future Materials,2026-06-06,PO0162,16846,16608,238,Mismatch,On Hold
INV0163,Prime Industries,2026-01-03,PO0163,7776,7680,96,Mismatch,On Hold
INV0164,United Supplies,2026-03-25,PO0164,28447,28314,133,Mismatch,On Hold
INV0165,Rapid Components,2026-01-31,PO0165,24123,23652,471,Mismatch,On Hold
INV0166,Rapid Components,2025-11-29,PO0166,39296,38984,312,Mismatch,On Hold
INV0167,Blue Manufacturing,2026-06-20,PO0167,24598,24528,70,Mismatch,Approved
INV0168,Global Steel,2025-08-23,PO0168,3821,3410,411,Mismatch,Approved
INV0169,Titan Supply,2026-04-01,PO0169,44586,44426,160,Mismatch,On Hold
INV0170,ABC Metals,2025-10-02,PO0170,37361,36936,425,Mismatch,Pending
INV0171,Industrial Parts,2025-08-26,PO0171,27241,26826,415,Mismatch,On Hold
INV0172,Rapid Components,2026-02-09,PO0172,48032,47632,400,Mismatch,Approved
INV0173,ABC Metals,2026-03-03,PO0173,45166,44744,422,Mismatch,Approved
INV0174,Vertex Industries,2025-11-10,PO0174,25765,25429,336,Mismatch,Approved
INV0175,Future Materials,2026-01-02,PO0175,16666,16524,142,Mismatch,Pending
INV0176,ABC Metals,2025-08-10,PO0176,25169,25069,100,Mismatch,Approved
INV0177,United Supplies,2025-11-26,PO0177,6060,5921,139,Mismatch,Approved
INV0178,Rapid Components,2026-02-09,PO0178,6241,6040,201,Mismatch,On Hold
INV0179,ABC Metals,2025-09-29,PO0179,5464,5148,316,Mismatch,On Hold
INV0180,Titan Supply,2026-04-14,PO0180,8923,8640,283,Mismatch,Approved
INV0181,ABC Metals,2025-09-08,PO0181,12659,12177,482,Mismatch,Pending
INV0182,ABC Metals,2026-06-29,PO0182,14644,14348,296,Mismatch,Pending
INV0183,Prime Industries,2026-01-18,PO0183,9988,9506,482,Mismatch,On Hold
INV0184,Future Materials,2025-10-24,PO0184,1821,1550,271,Mismatch,On Hold
INV0185,United Supplies,2026-05-02,PO0185,7507,7300,207,Mismatch,Pending
INV0186,Industrial Parts,2026-04-27,PO0186,4096,3886,210,Mismatch,On Hold
INV0187,Titan Supply,2026-02-10,PO0187,19400,19250,150,Mismatch,Approved
INV0188,ABC Metals,2025-12-23,PO0188,11374,11258,116,Mismatch,Pending
INV0189,Blue Manufacturing,2025-10-26,PO0189,17933,17802,131,Mismatch,Pending
INV0190,Global Steel,2026-06-10,PO0190,12012,11700,312,Mismatch,Pending
INV0191,Blue Manufacturing,2026-04-30,PO0191,12118,11629,489,Mismatch,On Hold
INV0192,Blue Manufacturing,2026-06-09,PO0192,27919,27430,489,Mismatch,On Hold
INV0193,Vertex Industries,2026-07-13,PO0193,24889,24584,305,Mismatch,Pending
INV0194,Blue Manufacturing,2025-09-02,PO0194,15715,15552,163,Mismatch,Pending
INV0195,Future Materials,2026-03-14,PO0195,40485,40255,230,Mismatch,Approved
INV0196,Global Steel,2026-02-18,PO0196,25555,25380,175,Mismatch,On Hold
INV0197,ABC Metals,2026-06-26,PO0197,11048,10944,104,Mismatch,Pending
INV0198,Prime Industries,2025-07-22,PO0198,36532,36207,325,Mismatch,Pending
INV0199,Industrial Parts,2025-12-23,PO0199,1712,1326,386,Mismatch,Pending
INV0200,Titan Supply,2025-08-25,PO0200,32006,31536,470,Mismatch,Approved
INV0201,ABC Metals,2026-03-23,PO0201,10225,10062,163,Mismatch,Pending
INV0202,ABC Metals,2025-11-11,PO0202,25634,25578,56,Mismatch,Approved
INV0203,Blue Manufacturing,2025-09-16,PO0203,3623,3480,143,Mismatch,Approved
INV0204,ABC Metals,2026-05-08,PO0204,16084,15755,329,Mismatch,Approved
INV0205,Global Steel,2025-09-15,PO0205,9913,9729,184,Mismatch,Pending
INV0206,Prime Industries,2026-02-08,PO0206,53800,53680,120,Mismatch,Approved
INV0207,United Supplies,2026-01-06,PO0207,9423,9030,393,Mismatch,Approved
INV0208,Vertex Industries,2025-08-29,PO0208,11677,11247,430,Mismatch,On Hold
INV0209,Global Steel,2025-10-20,PO0209,10787,10472,315,Mismatch,Approved
INV0210,Industrial Parts,2025-09-02,PO0210,32737,32370,367,Mismatch,Pending
INV0211,Titan Supply,2025-08-21,PO0211,5310,4838,472,Mismatch,Approved
INV0212,Prime Industries,2026-04-03,PO0212,12985,12506,479,Mismatch,On Hold
INV0213,Vertex Industries,2026-07-16,PO0213,51129,50963,166,Mismatch,On Hold
INV0214,Future Materials,2025-12-05,PO0214,20421,20178,243,Mismatch,Pending
INV0215,ABC Metals,2025-10-12,PO0215,6236,5800,436,Mismatch,Pending
INV0216,Future Materials,2026-01-28,PO0216,17919,17640,279,Mismatch,Pending
INV0217,Industrial Parts,2025-09-30,PO0217,20824,20367,457,Mismatch,On Hold
INV0218,Titan Supply,2026-06-02,PO0218,7220,6952,268,Mismatch,Pending
INV0219,Industrial Parts,2026-07-05,PO0219,20311,19895,416,Mismatch,Approved
INV0220,Future Materials,2026-04-10,PO0220,43242,43110,132,Mismatch,On Hold
INV0221,Future Materials,2025-12-17,PO0221,39325,39208,117,Mismatch,On Hold
INV0222,Global Steel,2025-11-11,PO0222,13565,13500,65,Mismatch,Approved
INV0223,ABC Metals,2026-07-15,PO0223,21597,21147,450,Mismatch,On Hold
INV0224,Titan Supply,2025-10-25,PO0224,11083,10744,339,Mismatch,On Hold
INV0225,Global Steel,2026-05-03,PO0225,14075,13620,455,Mismatch,Approved
INV0226,Global Steel,2025-11-23,PO0226,22791,22455,336,Mismatch,Pending
INV0227,Industrial Parts,2025-07-11,PO0227,7594,7203,391,Mismatch,Approved
INV0228,Future Materials,2026-07-05,PO0228,24425,23933,492,Mismatch,Approved
INV0229,Global Steel,2026-05-07,PO0229,17187,16856,331,Mismatch,Approved
INV0230,ABC Metals,2025-10-22,PO0230,9433,9312,121,Mismatch,On Hold
INV0231,Future Materials,2025-07-16,PO0231,56648,56525,123,Mismatch,On Hold
INV0232,Blue Manufacturing,2025-10-13,PO0232,7026,6528,498,Mismatch,On Hold
INV0233,Blue Manufacturing,2025-12-05,PO0233,50046,49770,276,Mismatch,On Hold
INV0234,Titan Supply,2025-12-26,PO0234,22447,22365,82,Mismatch,On Hold
INV0235,Global Steel,2026-02-17,PO0235,33980,33856,124,Mismatch,Approved
INV0236,Prime Industries,2026-04-26,PO0236,22500,22310,190,Mismatch,On Hold
INV0237,Titan Supply,2026-04-01,PO0237,32690,32400,290,Mismatch,On Hold
INV0238,United Supplies,2025-07-11,PO0238,25104,24920,184,Mismatch,On Hold
INV0239,United Supplies,2025-08-14,PO0239,37089,36778,311,Mismatch,Approved
INV0240,Future Materials,2026-05-22,PO0240,4706,4599,107,Mismatch,On Hold
INV0241,Prime Industries,2025-11-27,PO0241,18187,17935,252,Mismatch,Approved
INV0242,ABC Metals,2026-02-11,PO0242,34243,33853,390,Mismatch,On Hold
INV0243,Vertex Industries,2025-10-01,PO0243,4141,3984,157,Mismatch,Pending
INV0244,ABC Metals,2025-09-24,PO0244,29023,28755,268,Mismatch,On Hold
INV0245,Vertex Industries,2025-08-20,PO0245,18945,18760,185,Mismatch,Pending
INV0246,Rapid Components,2025-11-18,PO0246,49580,49502,78,Mismatch,On Hold
INV0247,United Supplies,2026-03-18,PO0247,26988,26860,128,Mismatch,Approved
INV0248,Prime Industries,2025-09-24,PO0248,4743,4522,221,Mismatch,Pending
INV0249,United Supplies,2026-01-13,PO0249,29869,29406,463,Mismatch,Approved
INV0250,Future Materials,2026-02-28,PO0250,46707,46233,474,Mismatch,On Hold
INV0251,Future Materials,2026-02-07,PO0251,21157,20790,367,Mismatch,On Hold
INV0252,United Supplies,2025-11-08,PO0252,12227,12002,225,Mismatch,Approved
INV0253,Blue Manufacturing,2026-06-09,PO0253,24577,24514,63,Mismatch,Pending
INV0254,United Supplies,2025-08-21,PO0254,9119,8854,265,Mismatch,Pending
INV0255,ABC Metals,2026-06-19,PO0255,30285,29900,385,Mismatch,Pending
INV0256,ABC Metals,2026-04-08,PO0256,8453,8320,133,Mismatch,On Hold
INV0257,Blue Manufacturing,2025-09-14,PO0257,55209,54978,231,Mismatch,Approved
INV0258,Prime Industries,2025-09-12,PO0258,18194,17945,249,Mismatch,Pending
INV0259,Industrial Parts,2025-10-11,PO0259,15732,15517,215,Mismatch,Approved
INV0260,Vertex Industries,2025-09-21,PO0260,37894,37694,200,Mismatch,Approved
INV0261,Blue Manufacturing,2025-09-10,PO0261,25110,24820,290,Mismatch,Approved
INV0262,Global Steel,2026-03-14,PO0262,35529,35454,75,Mismatch,Approved
INV0263,United Supplies,2025-08-23,PO0263,22459,22119,340,Mismatch,On Hold
INV0264,Blue Manufacturing,2025-08-02,PO0264,11904,11700,204,Mismatch,Approved
INV0265,Global Steel,2025-10-06,PO0265,39725,39673,52,Mismatch,Pending
INV0266,United Supplies,2025-12-14,PO0266,29145,29070,75,Mismatch,On Hold
INV0267,Prime Industries,2025-07-23,PO0267,30766,30464,302,Mismatch,On Hold
INV0268,Blue Manufacturing,2026-01-10,PO0268,6977,6612,365,Mismatch,Pending
INV0269,Vertex Industries,2026-01-28,PO0269,29686,29279,407,Mismatch,Pending
INV0270,Rapid Components,2026-04-17,PO0270,42437,42183,254,Mismatch,Approved
INV0271,Prime Industries,2025-08-16,PO0271,13042,12636,406,Mismatch,On Hold
INV0272,Blue Manufacturing,2025-10-04,PO0272,4870,4773,97,Mismatch,On Hold
INV0273,Industrial Parts,2026-06-04,PO0273,9203,9060,143,Mismatch,Approved
INV0274,Future Materials,2026-03-21,PO0274,49026,48615,411,Mismatch,Pending
INV0275,United Supplies,2026-06-15,PO0275,2047,1612,435,Mismatch,On Hold
INV0276,Titan Supply,2025-11-16,PO0276,13045,12556,489,Mismatch,Approved
INV0277,United Supplies,2025-09-30,PO0277,39277,38892,385,Mismatch,Pending
INV0278,Prime Industries,2026-05-04,PO0278,27248,27027,221,Mismatch,On Hold
INV0279,Vertex Industries,2025-10-20,PO0279,41050,40976,74,Mismatch,On Hold
INV0280,Global Steel,2025-12-11,PO0280,8534,8398,136,Mismatch,Pending
INV0281,Industrial Parts,2026-01-24,PO0281,13434,13325,109,Mismatch,On Hold
INV0282,Prime Industries,2025-10-01,PO0282,41832,41612,220,Mismatch,Pending
INV0283,Rapid Components,2026-02-01,PO0283,30354,29920,434,Mismatch,Pending
INV0284,Prime Industries,2025-07-26,PO0284,4618,4125,493,Mismatch,Pending
INV0285,Vertex Industries,2026-01-03,PO0285,7771,7704,67,Mismatch,Pending
INV0286,Blue Manufacturing,2025-08-06,PO0286,23647,23400,247,Mismatch,Approved
INV0287,ABC Metals,2026-04-16,PO0287,24833,24366,467,Mismatch,On Hold
INV0288,Rapid Components,2025-09-23,PO0288,2307,2128,179,Mismatch,On Hold
INV0289,Prime Industries,2026-05-28,PO0289,18292,18032,260,Mismatch,Pending
INV0290,United Supplies,2025-11-30,PO0290,35079,34992,87,Mismatch,Pending
INV0291,ABC Metals,2025-12-12,PO0291,5674,5253,421,Mismatch,On Hold
INV0292,ABC Metals,2025-09-04,PO0292,4810,4680,130,Mismatch,On Hold
INV0293,ABC Metals,2025-08-17,PO0293,10019,9840,179,Mismatch,Pending
INV0294,Rapid Components,2026-01-22,PO0294,40202,39804,398,Mismatch,Pending
INV0295,Vertex Industries,2026-04-25,PO0295,11286,11205,81,Mismatch,On Hold
INV0296,United Supplies,2026-06-04,PO0296,19240,18744,496,Mismatch,Pending
INV0297,Rapid Components,2025-08-18,PO0297,2078,1802,276,Mismatch,On Hold
INV0298,Vertex Industries,2026-01-15,PO0298,11808,11716,92,Mismatch,Pending
INV0299,Future Materials,2025-10-20,PO0299,40728,40515,213,Mismatch,Approved
INV0300,Prime Industries,2025-12-07,PO0300,17702,17622,80,Mismatch,Approved
INV0301,Industrial Parts,2026-03-11,PO0301,42314,42127,187,Mismatch,On Hold
INV0302,Future Materials,2026-02-28,PO0302,36821,36358,463,Mismatch,On Hold
INV0303,Titan Supply,2026-03-22,PO0303,3385,3008,377,Mismatch,On Hold
INV0304,Blue Manufacturing,2025-09-06,PO0304,31881,31588,293,Mismatch,On Hold
INV0305,Titan Supply,2025-09-16,PO0305,31912,31824,88,Mismatch,Approved
INV0306,Prime Industries,2025-11-03,PO0306,16360,15990,370,Mismatch,Pending
INV0307,Rapid Components,2026-05-17,PO0307,36335,36036,299,Mismatch,On Hold
INV0308,Future Materials,2025-08-03,PO0308,13294,12960,334,Mismatch,On Hold
INV0309,Vertex Industries,2025-11-08,PO0309,11169,10878,291,Mismatch,On Hold
INV0310,Industrial Parts,2025-08-22,PO0310,18183,17871,312,Mismatch,Approved
INV0311,Industrial Parts,2025-12-04,PO0311,34810,34476,334,Mismatch,Pending
INV0312,Titan Supply,2026-03-08,PO0312,31723,31360,363,Mismatch,Pending
INV0313,Industrial Parts,2026-01-11,PO0313,23956,23800,156,Mismatch,Approved
INV0314,Blue Manufacturing,2025-10-25,PO0314,40078,39928,150,Mismatch,Approved
INV0315,Prime Industries,2025-10-12,PO0315,16843,16467,376,Mismatch,On Hold
INV0316,Prime Industries,2025-11-21,PO0316,7524,7141,383,Mismatch,Approved
INV0317,Prime Industries,2025-08-08,PO0317,25758,25456,302,Mismatch,Approved
INV0318,Blue Manufacturing,2026-03-12,PO0318,7053,6893,160,Mismatch,Approved
INV0319,Titan Supply,2025-12-09,PO0319,9766,9540,226,Mismatch,Pending
INV0320,Titan Supply,2026-06-16,PO0320,7562,7446,116,Mismatch,On Hold
INV0321,Rapid Components,2025-11-14,PO0321,12493,12028,465,Mismatch,Approved
INV0322,ABC Metals,2026-01-12,PO0322,10694,10275,419,Mismatch,Pending
INV0323,Industrial Parts,2026-06-12,PO0323,20161,20064,97,Mismatch,Pending
INV0324,Industrial Parts,2026-04-19,PO0324,13772,13447,325,Mismatch,On Hold
INV0325,ABC Metals,2025-08-08,PO0325,8775,8700,75,Mismatch,Approved
INV0326,United Supplies,2025-12-02,PO0326,12586,12420,166,Mismatch,Pending
INV0327,Titan Supply,2026-03-31,PO0327,31053,30752,301,Mismatch,Approved
INV0328,Rapid Components,2026-03-29,PO0328,8479,8424,55,Mismatch,Pending
INV0329,Titan Supply,2026-06-21,PO0329,30889,30461,428,Mismatch,Pending
INV0330,Future Materials,2026-04-29,PO0330,25222,24857,365,Mismatch,Approved
INV0331,Rapid Components,2026-02-11,PO0331,12297,12100,197,Mismatch,Pending
INV0332,Vertex Industries,2025-08-13,PO0332,17384,17100,284,Mismatch,Approved
INV0333,ABC Metals,2025-12-31,PO0333,22492,22064,428,Mismatch,Approved
INV0334,Vertex Industries,2025-10-22,PO0334,8725,8559,166,Mismatch,Approved
INV0335,ABC Metals,2025-11-04,PO0335,9639,9405,234,Mismatch,On Hold
INV0336,Rapid Components,2025-11-13,PO0336,4966,4710,256,Mismatch,On Hold
INV0337,Blue Manufacturing,2026-02-21,PO0337,32799,32300,499,Mismatch,Approved
INV0338,United Supplies,2026-06-23,PO0338,10721,10302,419,Mismatch,Pending
INV0339,Future Materials,2026-03-26,PO0339,5647,5355,292,Mismatch,On Hold
INV0340,Vertex Industries,2026-05-10,PO0340,32193,32026,167,Mismatch,On Hold
INV0341,Industrial Parts,2025-08-27,PO0341,25407,25220,187,Mismatch,On Hold
INV0342,Rapid Components,2026-01-02,PO0342,32883,32640,243,Mismatch,Pending
INV0343,Vertex Industries,2026-03-30,PO0343,13985,13528,457,Mismatch,Pending
INV0344,Rapid Components,2026-07-14,PO0344,24026,23562,464,Mismatch,Pending
INV0345,Future Materials,2025-08-22,PO0345,7261,6820,441,Mismatch,Approved
INV0346,Future Materials,2025-09-16,PO0346,34402,34200,202,Mismatch,Pending
INV0347,Blue Manufacturing,2025-07-27,PO0347,7656,7209,447,Mismatch,On Hold
INV0348,ABC Metals,2026-05-21,PO0348,33243,33128,115,Mismatch,Pending
INV0349,Prime Industries,2025-08-06,PO0349,32259,32132,127,Mismatch,Pending
INV0350,Vertex Industries,2025-10-09,PO0350,13197,12992,205,Mismatch,Approved
INV0351,Rapid Components,2025-11-09,PO0351,7739,7426,313,Mismatch,Pending
INV0352,Prime Industries,2025-09-13,PO0352,18391,18318,73,Mismatch,Approved
INV0353,Vertex Industries,2026-01-16,PO0353,18818,18405,413,Mismatch,Pending
INV0354,Global Steel,2026-04-30,PO0354,12641,12190,451,Mismatch,Approved
INV0355,Industrial Parts,2025-09-29,PO0355,16873,16560,313,Mismatch,Pending
INV0356,Future Materials,2025-10-16,PO0356,14532,14326,206,Mismatch,On Hold
INV0357,Titan Supply,2026-03-12,PO0357,23175,22954,221,Mismatch,On Hold
INV0358,Future Materials,2025-12-20,PO0358,16695,16524,171,Mismatch,Pending
INV0359,ABC Metals,2025-09-06,PO0359,22048,21904,144,Mismatch,Pending
INV0360,Rapid Components,2026-06-08,PO0360,22595,22256,339,Mismatch,Approved
INV0361,Blue Manufacturing,2026-02-25,PO0361,12403,12264,139,Mismatch,Pending
INV0362,Global Steel,2026-04-01,PO0362,11069,10764,305,Mismatch,Approved
INV0363,Rapid Components,2025-08-30,PO0363,42777,42453,324,Mismatch,On Hold
INV0364,Future Materials,2026-07-12,PO0364,8953,8575,378,Mismatch,On Hold
INV0365,Global Steel,2025-07-15,PO0365,9259,9102,157,Mismatch,Approved
INV0366,Titan Supply,2025-08-29,PO0366,56716,56406,310,Mismatch,Pending
INV0367,Global Steel,2025-09-04,PO0367,7451,7332,119,Mismatch,Approved
INV0368,Prime Industries,2025-12-25,PO0368,28885,28512,373,Mismatch,On Hold
INV0369,Titan Supply,2026-04-11,PO0369,20016,19908,108,Mismatch,Pending
INV0370,Prime Industries,2025-08-17,PO0370,10513,10323,190,Mismatch,Pending
INV0371,Future Materials,2025-12-28,PO0371,18246,17748,498,Mismatch,Pending
INV0372,Rapid Components,2026-03-03,PO0372,12285,12075,210,Mismatch,On Hold
INV0373,Global Steel,2026-05-27,PO0373,26580,26100,480,Mismatch,Pending
INV0374,Global Steel,2026-02-06,PO0374,26240,26042,198,Mismatch,Approved
INV0375,Future Materials,2026-02-09,PO0375,36571,36090,481,Mismatch,On Hold
INV0376,Rapid Components,2025-12-10,PO0376,44288,44149,139,Mismatch,On Hold
INV0377,Global Steel,2026-02-12,PO0377,40822,40400,422,Mismatch,On Hold
INV0378,Global Steel,2025-09-16,PO0378,13769,13572,197,Mismatch,Approved
INV0379,Prime Industries,2025-10-18,PO0379,27458,27224,234,Mismatch,Pending
INV0380,Rapid Components,2025-11-21,PO0380,57950,57477,473,Mismatch,Pending
INV0381,Future Materials,2025-08-15,PO0381,6141,5911,230,Mismatch,Approved
INV0382,United Supplies,2025-10-17,PO0382,16850,16482,368,Mismatch,Pending
INV0383,Prime Industries,2025-12-08,PO0383,48097,47619,478,Mismatch,Approved
INV0384,Titan Supply,2026-02-25,PO0384,35521,35369,152,Mismatch,On Hold
INV0385,Vertex Industries,2026-02-02,PO0385,17119,16790,329,Mismatch,Approved
INV0386,Global Steel,2025-09-27,PO0386,14528,14256,272,Mismatch,On Hold
INV0387,United Supplies,2026-04-11,PO0387,19245,18901,344,Mismatch,Approved
INV0388,Industrial Parts,2026-03-07,PO0388,35712,35619,93,Mismatch,On Hold
INV0389,Vertex Industries,2026-02-22,PO0389,6337,6157,180,Mismatch,Approved
INV0390,Vertex Industries,2025-10-20,PO0390,2688,2444,244,Mismatch,On Hold
INV0391,Global Steel,2025-08-29,PO0391,19343,19104,239,Mismatch,Pending
INV0392,Vertex Industries,2026-01-13,PO0392,28732,28336,396,Mismatch,On Hold
INV0393,ABC Metals,2025-10-01,PO0393,10611,10125,486,Mismatch,Pending
INV0394,Titan Supply,2026-06-29,PO0394,5704,5538,166,Mismatch,Pending
INV0395,ABC Metals,2026-07-04,PO0395,2543,2440,103,Mismatch,Pending
INV0396,Prime Industries,2026-03-25,PO0396,19311,18876,435,Mismatch,Approved
INV0397,Future Materials,2025-08-10,PO0397,5863,5412,451,Mismatch,Approved
INV0398,Prime Industries,2025-12-04,PO0398,24113,23826,287,Mismatch,Approved
INV0399,ABC Metals,2026-04-05,PO0399,5453,5063,390,Mismatch,Pending
INV0400,Global Steel,2025-10-17,PO0400,23272,22848,424,Mismatch,Approved
INV0401,Industrial Parts,2026-01-13,PO0401,6513,6084,429,Mismatch,On Hold
INV0402,Global Steel,2025-10-16,PO0402,9338,8910,428,Mismatch,Pending
INV0403,Industrial Parts,2026-06-12,PO0403,1881,1400,481,Mismatch,On Hold
INV0404,Rapid Components,2025-10-08,PO0404,27959,27556,403,Mismatch,Approved
INV0405,Blue Manufacturing,2026-01-29,PO0405,22281,22116,165,Mismatch,On Hold
INV0406,Titan Supply,2025-12-08,PO0406,4697,4242,455,Mismatch,Approved
INV0407,ABC Metals,2026-04-22,PO0407,26288,26208,80,Mismatch,Pending
INV0408,Global Steel,2026-03-12,PO0408,28538,28200,338,Mismatch,Pending
INV0409,Titan Supply,2025-11-10,PO0409,54477,54395,82,Mismatch,On Hold
INV0410,Global Steel,2025-08-04,PO0410,5044,4674,370,Mismatch,Approved
INV0411,Prime Industries,2026-06-23,PO0411,29425,28980,445,Mismatch,Pending
INV0412,Global Steel,2025-08-15,PO0412,9619,9504,115,Mismatch,Pending
INV0413,Rapid Components,2025-12-16,PO0413,27202,27013,189,Mismatch,Pending
INV0414,Prime Industries,2026-04-22,PO0414,19381,18972,409,Mismatch,Pending
INV0415,Rapid Components,2026-04-23,PO0415,18912,18486,426,Mismatch,Approved
INV0416,Industrial Parts,2025-08-24,PO0416,7492,7068,424,Mismatch,On Hold
INV0417,Rapid Components,2026-01-01,PO0417,27560,27170,390,Mismatch,On Hold
INV0418,Blue Manufacturing,2026-06-07,PO0418,23207,22960,247,Mismatch,Approved
INV0419,Prime Industries,2025-11-23,PO0419,7545,7458,87,Mismatch,Approved
INV0420,Rapid Components,2026-04-11,PO0420,12954,12654,300,Mismatch,Pending
INV0421,Blue Manufacturing,2025-07-18,PO0421,5625,5304,321,Mismatch,On Hold
INV0422,Future Materials,2026-02-06,PO0422,14500,14350,150,Mismatch,Pending
INV0423,Titan Supply,2025-09-26,PO0423,37164,37072,92,Mismatch,Pending
INV0424,United Supplies,2026-03-20,PO0424,33928,33465,463,Mismatch,Pending
INV0425,Blue Manufacturing,2026-02-01,PO0425,3851,3680,171,Mismatch,On Hold
INV0426,Future Materials,2025-12-23,PO0426,42001,41586,415,Mismatch,On Hold
INV0427,ABC Metals,2026-01-05,PO0427,8830,8700,130,Mismatch,Pending
INV0428,Vertex Industries,2026-01-25,PO0428,34857,34560,297,Mismatch,On Hold
INV0429,Industrial Parts,2025-12-31,PO0429,15208,15120,88,Mismatch,Pending
INV0430,Vertex Industries,2025-08-04,PO0430,15031,14875,156,Mismatch,Pending
INV0431,Global Steel,2025-09-08,PO0431,32150,32092,58,Mismatch,Pending
INV0432,Prime Industries,2025-08-12,PO0432,20906,20470,436,Mismatch,Pending
INV0433,Prime Industries,2025-10-10,PO0433,22197,21840,357,Mismatch,Pending
INV0434,Global Steel,2025-07-28,PO0434,21754,21670,84,Mismatch,Pending
INV0435,Prime Industries,2025-12-15,PO0435,47695,47502,193,Mismatch,Approved
INV0436,ABC Metals,2026-04-28,PO0436,29967,29716,251,Mismatch,On Hold
INV0437,Blue Manufacturing,2026-01-04,PO0437,37131,36712,419,Mismatch,Pending
INV0438,Blue Manufacturing,2026-05-11,PO0438,25866,25748,118,Mismatch,Pending
INV0439,Vertex Industries,2026-01-24,PO0439,4124,3731,393,Mismatch,Approved
INV0440,United Supplies,2025-10-19,PO0440,43994,43500,494,Mismatch,Approved
INV0441,United Supplies,2025-09-22,PO0441,2564,2170,394,Mismatch,Approved
INV0442,Rapid Components,2026-01-18,PO0442,5118,4956,162,Mismatch,Approved
INV0443,Vertex Industries,2026-04-09,PO0443,17039,16898,141,Mismatch,On Hold
INV0444,Titan Supply,2026-01-20,PO0444,8603,8544,59,Mismatch,On Hold
INV0445,Vertex Industries,2025-08-28,PO0445,7552,7068,484,Mismatch,On Hold
INV0446,United Supplies,2026-06-07,PO0446,9881,9744,137,Mismatch,On Hold
INV0447,ABC Metals,2025-12-07,PO0447,13392,12920,472,Mismatch,Approved
INV0448,Rapid Components,2026-05-22,PO0448,29333,29189,144,Mismatch,Pending
INV0449,Blue Manufacturing,2025-10-20,PO0449,12786,12688,98,Mismatch,On Hold
INV0450,Prime Industries,2026-06-19,PO0450,47123,46864,259,Mismatch,Pending
INV0451,Titan Supply,2026-04-24,PO0451,31776,31360,416,Mismatch,On Hold
INV0452,Titan Supply,2025-11-02,PO0452,34421,34317,104,Mismatch,Approved
INV0453,ABC Metals,2025-07-15,PO0453,3432,3278,154,Mismatch,Approved
INV0454,Titan Supply,2026-04-17,PO0454,6231,6050,181,Mismatch,Pending
INV0455,Prime Industries,2026-05-22,PO0455,8864,8800,64,Mismatch,Approved
INV0456,Titan Supply,2025-10-14,PO0456,17887,17400,487,Mismatch,Approved
INV0457,Rapid Components,2026-01-15,PO0457,6863,6804,59,Mismatch,On Hold
INV0458,Industrial Parts,2025-08-26,PO0458,16136,15840,296,Mismatch,Approved
INV0459,Prime Industries,2025-10-27,PO0459,12687,12342,345,Mismatch,Approved
INV0460,Titan Supply,2026-06-28,PO0460,47740,47488,252,Mismatch,On Hold
INV0461,United Supplies,2025-12-23,PO0461,9912,9471,441,Mismatch,Pending
INV0462,Blue Manufacturing,2026-04-30,PO0462,33575,33300,275,Mismatch,Approved
INV0463,Blue Manufacturing,2026-03-17,PO0463,3175,2680,495,Mismatch,Approved
INV0464,United Supplies,2026-01-03,PO0464,4813,4428,385,Mismatch,Approved
INV0465,Titan Supply,2026-01-27,PO0465,57531,57112,419,Mismatch,Pending
INV0466,ABC Metals,2025-10-02,PO0466,4779,4488,291,Mismatch,On Hold
INV0467,United Supplies,2025-10-10,PO0467,3804,3680,124,Mismatch,Approved
INV0468,Blue Manufacturing,2026-06-26,PO0468,26503,26187,316,Mismatch,Approved
INV0469,United Supplies,2025-09-17,PO0469,5563,5088,475,Mismatch,On Hold
INV0470,Blue Manufacturing,2025-12-01,PO0470,45839,45344,495,Mismatch,Pending
INV0471,United Supplies,2025-10-05,PO0471,45702,45465,237,Mismatch,On Hold
INV0472,Industrial Parts,2025-08-22,PO0472,13239,12760,479,Mismatch,On Hold
INV0473,Blue Manufacturing,2026-03-15,PO0473,39487,39235,252,Mismatch,Pending
INV0474,Rapid Components,2026-01-18,PO0474,24791,24634,157,Mismatch,Approved
INV0475,Blue Manufacturing,2025-10-07,PO0475,12938,12600,338,Mismatch,Pending
INV0476,Prime Industries,2026-01-21,PO0476,40045,39690,355,Mismatch,Approved
INV0477,Global Steel,2025-12-23,PO0477,26100,25875,225,Mismatch,On Hold
INV0478,Global Steel,2026-01-29,PO0478,14990,14580,410,Mismatch,Approved
INV0479,Blue Manufacturing,2026-02-18,PO0479,5344,5152,192,Mismatch,On Hold
INV0480,Future Materials,2025-08-12,PO0480,22819,22484,335,Mismatch,Pending
INV0481,Future Materials,2026-05-09,PO0481,13388,13072,316,Mismatch,Approved
INV0482,Rapid Components,2025-10-23,PO0482,11450,11088,362,Mismatch,Pending
INV0483,Prime Industries,2025-07-30,PO0483,28307,27892,415,Mismatch,Pending
INV0484,Titan Supply,2025-12-14,PO0484,31075,30923,152,Mismatch,Approved
INV0485,Blue Manufacturing,2026-05-16,PO0485,13874,13608,266,Mismatch,On Hold
INV0486,Rapid Components,2026-03-15,PO0486,16168,15800,368,Mismatch,On Hold
INV0487,Industrial Parts,2025-09-15,PO0487,40331,39984,347,Mismatch,On Hold
INV0488,Global Steel,2026-04-02,PO0488,2280,2016,264,Mismatch,Pending
INV0489,Vertex Industries,2026-04-09,PO0489,17303,17220,83,Mismatch,Pending
INV0490,ABC Metals,2026-02-20,PO0490,52709,52316,393,Mismatch,On Hold
INV0491,Titan Supply,2025-10-07,PO0491,7427,7140,287,Mismatch,Approved
INV0492,Prime Industries,2025-10-03,PO0492,5121,4802,319,Mismatch,Approved
INV0493,Rapid Components,2026-02-16,PO0493,8808,8740,68,Mismatch,Pending
INV0494,Industrial Parts,2026-06-07,PO0494,9320,8820,500,Mismatch,On Hold
INV0495,Rapid Components,2026-03-01,PO0495,30893,30504,389,Mismatch,Pending
INV0496,Industrial Parts,2026-05-24,PO0496,47667,47268,399,Mismatch,On Hold
INV0497,ABC Metals,2025-12-30,PO0497,23596,23426,170,Mismatch,Approved
INV0498,Future Materials,2025-09-03,PO0498,26355,26136,219,Mismatch,On Hold
INV0499,Blue Manufacturing,2025-09-04,PO0499,6817,6336,481,Mismatch,Approved
INV0500,Future Materials,2026-02-10,PO0500,23867,23706,161,Mismatch,Pending
