Robot_ID,Robot_Model,Manufacturer,Axis_Count,Operating_Hours,Cycle_Count,Error_Code,Maintenance_Due,Status
Rob0001,Yaskawa Gp25,Kuka,5,6284,354603,E310,2026-10-02,Maintenance
Rob0002,Kuka Kr10,Kuka,6,8659,367713,E202,2026-11-14,Maintenance
Rob0003,Yaskawa Gp25,Fanuc,4,16477,16833,E202,2026-11-29,Stopped
Rob0004,Yaskawa Gp25,Abb,4,2648,807376,E310,2026-10-16,Maintenance
Rob0005,Fanuc M-20Id,Yaskawa,5,18148,872514,E101,2026-09-25,Idle
Rob0006,Fanuc M-20Id,Abb,4,10566,536154,E202,2026-08-09,Maintenance
Rob0007,Yaskawa Gp25,Fanuc,6,10332,649135,E101,2026-10-29,Idle
Rob0008,Kuka Kr10,Abb,4,13483,833982,E101,2026-11-02,Idle
Rob0009,Abb Irb2600,Kuka,6,16024,695234,E310,2026-09-04,Maintenance
Rob0010,Abb Irb2600,Kuka,5,10448,398802,E101,2026-11-27,Maintenance
Rob0011,Kuka Kr10,Kuka,6,10833,481552,E202,2026-11-13,Stopped
Rob0012,Yaskawa Gp25,Yaskawa,4,13740,67994,E310,2026-10-19,Maintenance
Rob0013,Abb Irb2600,Yaskawa,5,1138,868294,E101,2026-08-21,Idle
Rob0014,Kuka Kr10,Kuka,5,1275,347479,E310,2026-08-25,Stopped
Rob0015,Kuka Kr10,Abb,4,16980,471481,E202,2026-08-13,Running
Rob0016,Fanuc M-20Id,Abb,4,11165,767962,E310,2026-09-05,Stopped
Rob0017,Fanuc M-20Id,Yaskawa,6,16459,271982,E202,2026-07-14,Stopped
Rob0018,Fanuc M-20Id,Fanuc,4,11729,299455,E202,2026-09-03,Stopped
Rob0019,Kuka Kr10,Fanuc,5,4900,796249,Nan,2026-11-18,Maintenance
Rob0020,Yaskawa Gp25,Abb,4,19826,323372,E101,2026-10-23,Running
Rob0021,Yaskawa Gp25,Abb,5,19267,583136,E202,2026-07-24,Maintenance
Rob0022,Fanuc M-20Id,Abb,4,10787,388776,E310,2026-09-17,Idle
Rob0023,Abb Irb2600,Kuka,5,7960,493187,E202,2026-12-04,Maintenance
Rob0024,Abb Irb2600,Kuka,5,1258,157083,Nan,2026-12-21,Stopped
Rob0025,Yaskawa Gp25,Yaskawa,5,2073,882073,Nan,2026-07-27,Maintenance
Rob0026,Fanuc M-20Id,Yaskawa,4,17022,847055,E202,2026-12-07,Stopped
Rob0027,Kuka Kr10,Kuka,6,2699,780109,Nan,2026-11-13,Running
Rob0028,Fanuc M-20Id,Abb,6,3374,611804,E310,2026-11-02,Idle
Rob0029,Fanuc M-20Id,Yaskawa,5,15760,483210,E101,2026-12-09,Maintenance
Rob0030,Fanuc M-20Id,Abb,6,19348,366316,E310,2026-11-22,Stopped
Rob0031,Fanuc M-20Id,Yaskawa,6,10127,16662,E310,2026-10-29,Running
Rob0032,Fanuc M-20Id,Abb,5,14496,167805,E202,2026-08-03,Idle
Rob0033,Kuka Kr10,Yaskawa,6,7064,817327,E202,2026-10-04,Idle
Rob0034,Abb Irb2600,Abb,4,10608,200407,Nan,2026-11-18,Running
Rob0035,Fanuc M-20Id,Abb,6,11920,82631,E202,2026-10-07,Maintenance
Rob0036,Abb Irb2600,Abb,4,10426,181220,E310,2026-09-29,Maintenance
Rob0037,Abb Irb2600,Abb,5,1394,153982,E310,2026-08-03,Running
Rob0038,Yaskawa Gp25,Fanuc,5,7334,408895,Nan,2026-10-23,Stopped
Rob0039,Yaskawa Gp25,Yaskawa,4,7238,818435,E310,2026-12-10,Running
Rob0040,Fanuc M-20Id,Abb,6,19449,769712,Nan,2026-11-23,Idle
Rob0041,Abb Irb2600,Fanuc,5,12243,796099,E202,2026-11-24,Stopped
Rob0042,Abb Irb2600,Abb,4,17110,387338,E310,2026-12-31,Maintenance
Rob0043,Fanuc M-20Id,Yaskawa,4,737,408489,E310,2026-12-24,Stopped
Rob0044,Fanuc M-20Id,Kuka,5,10657,887170,Nan,2026-10-13,Stopped
Rob0045,Kuka Kr10,Abb,6,3267,692028,E310,2026-10-03,Stopped
Rob0046,Fanuc M-20Id,Kuka,6,11092,57573,E101,2026-08-30,Idle
Rob0047,Abb Irb2600,Fanuc,4,17494,173324,E101,2026-12-17,Stopped
Rob0048,Fanuc M-20Id,Fanuc,6,7375,785788,E202,2026-09-15,Maintenance
Rob0049,Yaskawa Gp25,Abb,5,6149,193120,E101,2026-11-18,Idle
Rob0050,Kuka Kr10,Fanuc,4,1482,531724,E101,2026-09-10,Maintenance
Rob0051,Yaskawa Gp25,Kuka,5,11020,39861,Nan,2026-11-04,Maintenance
Rob0052,Fanuc M-20Id,Yaskawa,4,5229,437456,Nan,2026-10-27,Stopped
Rob0053,Abb Irb2600,Abb,4,989,375603,E101,2026-12-02,Running
Rob0054,Yaskawa Gp25,Fanuc,4,16087,496993,E310,2026-11-13,Stopped
Rob0055,Abb Irb2600,Fanuc,5,16105,502292,E202,2026-11-05,Idle
Rob0056,Kuka Kr10,Kuka,6,3658,510998,E310,2026-10-07,Idle
Rob0057,Abb Irb2600,Abb,6,4753,854572,E101,2026-11-26,Idle
Rob0058,Fanuc M-20Id,Fanuc,6,13732,306012,Nan,2026-09-30,Idle
Rob0059,Abb Irb2600,Kuka,4,10366,354589,E310,2026-10-25,Maintenance
Rob0060,Abb Irb2600,Kuka,5,12780,703320,E101,2026-10-08,Running
Rob0061,Yaskawa Gp25,Fanuc,4,6469,25017,E101,2026-09-17,Running
Rob0062,Abb Irb2600,Abb,5,11068,22281,E310,2026-09-16,Stopped
Rob0063,Kuka Kr10,Abb,6,19413,435362,E310,2026-07-23,Idle
Rob0064,Yaskawa Gp25,Kuka,6,14913,133542,E202,2026-12-22,Maintenance
Rob0065,Kuka Kr10,Abb,5,11673,856188,E310,2026-11-08,Stopped
Rob0066,Fanuc M-20Id,Kuka,6,9113,76183,E202,2026-12-22,Stopped
Rob0067,Fanuc M-20Id,Abb,4,7942,489653,Nan,2026-11-21,Running
Rob0068,Kuka Kr10,Abb,5,10560,484548,E310,2026-11-09,Running
Rob0069,Abb Irb2600,Yaskawa,6,6885,158592,E101,2026-09-10,Running
Rob0070,Abb Irb2600,Kuka,6,5473,600225,Nan,2026-12-20,Maintenance
Rob0071,Abb Irb2600,Abb,5,5701,115002,E101,2026-09-12,Idle
Rob0072,Abb Irb2600,Yaskawa,4,9623,61288,E310,2026-12-27,Maintenance
Rob0073,Yaskawa Gp25,Yaskawa,5,15835,347558,E101,2026-08-10,Maintenance
Rob0074,Fanuc M-20Id,Fanuc,5,18711,710574,E202,2026-10-20,Idle
Rob0075,Fanuc M-20Id,Fanuc,5,5097,160776,E310,2027-01-05,Idle
Rob0076,Abb Irb2600,Yaskawa,4,14230,419992,E101,2026-12-24,Idle
Rob0077,Kuka Kr10,Fanuc,4,9551,157262,E310,2026-10-05,Running
Rob0078,Abb Irb2600,Abb,5,5166,714892,E202,2026-12-24,Maintenance
Rob0079,Fanuc M-20Id,Fanuc,6,10696,559706,Nan,2027-01-02,Stopped
Rob0080,Abb Irb2600,Yaskawa,5,4591,577551,E310,2026-08-15,Idle
Rob0081,Fanuc M-20Id,Kuka,5,1842,410033,E202,2026-09-04,Running
Rob0082,Yaskawa Gp25,Yaskawa,6,6019,754238,E310,2026-07-31,Maintenance
Rob0083,Abb Irb2600,Fanuc,4,12380,263013,E310,2026-10-24,Stopped
Rob0084,Yaskawa Gp25,Fanuc,6,3946,817346,E202,2026-09-19,Maintenance
Rob0085,Kuka Kr10,Kuka,5,8732,383986,Nan,2026-08-05,Running
Rob0086,Fanuc M-20Id,Yaskawa,4,19694,529020,E101,2026-08-09,Stopped
Rob0087,Kuka Kr10,Fanuc,6,16486,597905,E310,2026-07-18,Stopped
Rob0088,Fanuc M-20Id,Fanuc,6,3730,613587,Nan,2026-10-16,Running
Rob0089,Abb Irb2600,Kuka,6,14322,864886,E310,2026-11-03,Running
Rob0090,Kuka Kr10,Yaskawa,5,19287,558159,Nan,2026-10-05,Stopped
Rob0091,Yaskawa Gp25,Fanuc,4,19077,199517,Nan,2026-11-24,Maintenance
Rob0092,Fanuc M-20Id,Kuka,5,1429,774472,E310,2027-01-09,Maintenance
Rob0093,Kuka Kr10,Kuka,5,8649,300070,E310,2026-11-12,Running
Rob0094,Kuka Kr10,Yaskawa,6,9123,815947,E101,2026-11-25,Idle
Rob0095,Kuka Kr10,Yaskawa,5,6137,895752,E310,2026-11-11,Running
Rob0096,Kuka Kr10,Kuka,6,18136,785798,E101,2026-09-04,Maintenance
Rob0097,Kuka Kr10,Fanuc,6,3463,680513,E310,2026-08-26,Maintenance
Rob0098,Yaskawa Gp25,Abb,5,7124,287537,E310,2026-09-08,Maintenance
Rob0099,Kuka Kr10,Yaskawa,5,5717,186730,E202,2026-12-12,Running
Rob0100,Fanuc M-20Id,Abb,6,10675,540704,E202,2026-10-31,Idle
Rob0101,Yaskawa Gp25,Fanuc,4,3559,104940,E310,2027-01-07,Maintenance
Rob0102,Abb Irb2600,Kuka,6,12093,426029,E101,2026-10-25,Stopped
Rob0103,Fanuc M-20Id,Kuka,6,19181,96205,E202,2026-08-26,Idle
Rob0104,Yaskawa Gp25,Fanuc,4,18456,172541,E202,2026-07-25,Running
Rob0105,Yaskawa Gp25,Abb,6,7675,267269,E101,2026-09-21,Stopped
Rob0106,Abb Irb2600,Abb,4,10225,265517,Nan,2026-09-13,Stopped
Rob0107,Yaskawa Gp25,Yaskawa,6,18562,605681,E101,2026-09-25,Stopped
Rob0108,Abb Irb2600,Yaskawa,6,19356,415907,E202,2026-11-30,Maintenance
Rob0109,Kuka Kr10,Yaskawa,5,12444,256106,E202,2026-07-19,Maintenance
Rob0110,Fanuc M-20Id,Abb,5,8590,844202,E101,2026-08-30,Running
Rob0111,Yaskawa Gp25,Kuka,4,7965,765086,E202,2026-09-14,Idle
Rob0112,Yaskawa Gp25,Kuka,6,2243,492595,E310,2026-11-27,Stopped
Rob0113,Yaskawa Gp25,Fanuc,4,1224,597159,E310,2027-01-05,Running
Rob0114,Kuka Kr10,Yaskawa,6,5345,76874,E202,2026-09-11,Running
Rob0115,Kuka Kr10,Kuka,6,1403,758276,E310,2026-09-20,Stopped
Rob0116,Abb Irb2600,Yaskawa,4,15314,334875,E202,2026-12-20,Maintenance
Rob0117,Abb Irb2600,Yaskawa,4,18182,724417,E202,2026-10-31,Running
Rob0118,Fanuc M-20Id,Kuka,6,4421,822248,Nan,2026-11-14,Running
Rob0119,Yaskawa Gp25,Abb,6,6877,270885,E101,2026-08-21,Idle
Rob0120,Fanuc M-20Id,Yaskawa,6,4415,357907,Nan,2026-10-19,Running
Rob0121,Yaskawa Gp25,Yaskawa,5,12994,740244,E310,2026-08-05,Idle
Rob0122,Kuka Kr10,Abb,4,10697,382409,E101,2026-12-23,Stopped
Rob0123,Kuka Kr10,Yaskawa,4,6547,283159,E310,2026-08-11,Idle
Rob0124,Abb Irb2600,Kuka,6,3172,366222,E310,2026-12-31,Running
Rob0125,Kuka Kr10,Fanuc,6,2495,594191,Nan,2026-09-02,Maintenance
Rob0126,Fanuc M-20Id,Abb,4,17838,23189,Nan,2026-08-20,Maintenance
Rob0127,Yaskawa Gp25,Kuka,4,19114,600730,E202,2027-01-08,Running
Rob0128,Abb Irb2600,Abb,6,16825,200617,E101,2026-11-15,Maintenance
Rob0129,Fanuc M-20Id,Abb,6,12760,611866,E101,2026-10-18,Stopped
Rob0130,Abb Irb2600,Abb,5,1494,662300,Nan,2026-07-18,Running
Rob0131,Kuka Kr10,Kuka,4,11937,726211,E101,2026-10-02,Idle
Rob0132,Fanuc M-20Id,Yaskawa,4,5587,652978,E202,2026-12-29,Stopped
Rob0133,Yaskawa Gp25,Yaskawa,4,18668,78643,E202,2026-10-07,Idle
Rob0134,Kuka Kr10,Abb,4,16581,207488,E310,2026-11-05,Running
Rob0135,Kuka Kr10,Fanuc,5,19870,113578,Nan,2026-11-24,Maintenance
Rob0136,Yaskawa Gp25,Abb,5,10996,152056,E310,2026-12-20,Idle
Rob0137,Kuka Kr10,Yaskawa,5,14758,405383,Nan,2026-08-29,Stopped
Rob0138,Fanuc M-20Id,Yaskawa,4,11035,598516,E310,2026-12-15,Stopped
Rob0139,Kuka Kr10,Yaskawa,5,2306,563176,Nan,2026-08-21,Idle
Rob0140,Fanuc M-20Id,Kuka,6,19219,579153,E101,2026-10-22,Maintenance
Rob0141,Fanuc M-20Id,Fanuc,4,10426,413598,E101,2027-01-03,Maintenance
Rob0142,Fanuc M-20Id,Yaskawa,6,17158,559437,E101,2026-09-09,Maintenance
Rob0143,Fanuc M-20Id,Abb,4,15482,204726,E101,2026-12-20,Maintenance
Rob0144,Fanuc M-20Id,Abb,5,7274,608889,Nan,2026-09-19,Running
Rob0145,Yaskawa Gp25,Abb,6,4311,314550,Nan,2026-09-17,Idle
Rob0146,Kuka Kr10,Abb,5,7983,399843,E310,2026-08-30,Running
Rob0147,Abb Irb2600,Abb,6,8566,661966,E202,2026-08-10,Stopped
Rob0148,Kuka Kr10,Abb,6,9433,439080,Nan,2026-09-29,Stopped
Rob0149,Yaskawa Gp25,Yaskawa,5,6709,866397,E310,2027-01-08,Maintenance
Rob0150,Fanuc M-20Id,Yaskawa,4,15217,145149,E101,2026-08-18,Running
Rob0151,Fanuc M-20Id,Fanuc,4,16508,79730,E101,2026-09-26,Maintenance
Rob0152,Abb Irb2600,Kuka,6,13548,308641,E202,2026-10-02,Maintenance
Rob0153,Kuka Kr10,Fanuc,4,13440,872849,E101,2026-12-22,Running
Rob0154,Yaskawa Gp25,Abb,4,17481,47429,E310,2026-07-16,Stopped
Rob0155,Fanuc M-20Id,Fanuc,4,1746,883563,E310,2026-08-08,Idle
Rob0156,Fanuc M-20Id,Fanuc,4,14785,655210,E202,2026-08-04,Stopped
Rob0157,Abb Irb2600,Yaskawa,6,1845,705076,E101,2026-12-03,Idle
Rob0158,Kuka Kr10,Fanuc,6,965,170128,E202,2027-01-01,Maintenance
Rob0159,Abb Irb2600,Kuka,5,7074,685424,Nan,2026-08-25,Stopped
Rob0160,Yaskawa Gp25,Abb,5,17067,76741,E101,2026-12-31,Idle
Rob0161,Abb Irb2600,Kuka,6,14880,36539,E310,2026-10-20,Running
Rob0162,Abb Irb2600,Kuka,6,5778,160327,E202,2026-12-06,Running
Rob0163,Fanuc M-20Id,Fanuc,5,17475,570226,Nan,2026-10-02,Idle
Rob0164,Kuka Kr10,Kuka,4,5201,118834,E101,2026-09-03,Running
Rob0165,Yaskawa Gp25,Fanuc,6,2414,863232,E310,2026-10-03,Running
Rob0166,Abb Irb2600,Fanuc,6,18377,87514,Nan,2026-07-17,Stopped
Rob0167,Yaskawa Gp25,Kuka,6,13173,481514,E101,2027-01-05,Stopped
Rob0168,Kuka Kr10,Kuka,6,15408,512403,E101,2026-08-28,Stopped
Rob0169,Kuka Kr10,Abb,4,9899,678040,E101,2026-08-08,Stopped
Rob0170,Kuka Kr10,Abb,5,1186,462708,E202,2026-07-28,Idle
Rob0171,Fanuc M-20Id,Yaskawa,5,18243,248011,E310,2026-12-30,Idle
Rob0172,Kuka Kr10,Abb,5,14299,448017,E310,2026-08-12,Stopped
Rob0173,Yaskawa Gp25,Yaskawa,5,12413,364210,E202,2026-10-05,Stopped
Rob0174,Abb Irb2600,Abb,4,7609,757204,E101,2026-08-14,Idle
Rob0175,Kuka Kr10,Yaskawa,6,13876,403023,E202,2026-08-28,Idle
Rob0176,Yaskawa Gp25,Abb,5,4060,579197,E310,2026-12-26,Maintenance
Rob0177,Yaskawa Gp25,Fanuc,4,7616,364086,E101,2026-07-25,Stopped
Rob0178,Yaskawa Gp25,Abb,5,1281,737679,E101,2026-09-07,Stopped
Rob0179,Abb Irb2600,Kuka,6,18960,816606,E101,2026-08-15,Stopped
Rob0180,Abb Irb2600,Abb,5,10870,501341,E101,2026-10-28,Idle
Rob0181,Yaskawa Gp25,Kuka,6,17886,781036,Nan,2026-11-28,Running
Rob0182,Fanuc M-20Id,Fanuc,4,784,65315,E202,2026-10-15,Running
Rob0183,Kuka Kr10,Kuka,4,5434,233359,E202,2026-10-31,Running
Rob0184,Kuka Kr10,Kuka,6,15134,508165,E202,2026-11-01,Idle
Rob0185,Kuka Kr10,Kuka,4,18911,177575,E101,2026-11-27,Idle
Rob0186,Yaskawa Gp25,Fanuc,6,13924,175969,E310,2026-07-21,Maintenance
Rob0187,Abb Irb2600,Fanuc,6,5305,476515,Nan,2026-11-20,Running
Rob0188,Abb Irb2600,Yaskawa,5,12931,510044,E101,2026-08-24,Running
Rob0189,Kuka Kr10,Yaskawa,6,19240,200666,E310,2026-07-19,Running
Rob0190,Yaskawa Gp25,Kuka,5,3285,397939,Nan,2026-08-03,Idle
Rob0191,Abb Irb2600,Kuka,6,13398,166747,Nan,2027-01-04,Idle
Rob0192,Kuka Kr10,Kuka,6,3222,381942,E310,2026-11-26,Running
Rob0193,Yaskawa Gp25,Abb,5,8780,211350,E202,2026-08-31,Running
Rob0194,Yaskawa Gp25,Kuka,4,2204,690950,E101,2026-09-23,Maintenance
Rob0195,Kuka Kr10,Yaskawa,5,11559,52420,E202,2026-09-15,Stopped
Rob0196,Fanuc M-20Id,Kuka,6,1528,146996,Nan,2026-08-24,Running
Rob0197,Kuka Kr10,Yaskawa,4,15904,408476,E310,2026-10-31,Running
Rob0198,Kuka Kr10,Yaskawa,5,12519,852159,E310,2026-07-31,Stopped
Rob0199,Kuka Kr10,Abb,5,9071,589215,E101,2027-01-01,Stopped
Rob0200,Kuka Kr10,Kuka,4,15241,714441,Nan,2026-08-06,Maintenance
Rob0201,Fanuc M-20Id,Fanuc,4,4007,264763,Nan,2026-09-19,Idle
Rob0202,Kuka Kr10,Fanuc,4,19240,850388,E101,2026-12-13,Running
Rob0203,Fanuc M-20Id,Fanuc,6,940,782279,E202,2026-09-22,Running
Rob0204,Abb Irb2600,Yaskawa,6,11342,834318,Nan,2026-09-10,Running
Rob0205,Fanuc M-20Id,Abb,4,3159,204589,Nan,2026-10-21,Running
Rob0206,Fanuc M-20Id,Yaskawa,6,8137,230430,Nan,2026-12-16,Running
Rob0207,Yaskawa Gp25,Kuka,6,17845,211996,E310,2026-11-02,Idle
Rob0208,Yaskawa Gp25,Abb,5,9939,777101,Nan,2026-12-29,Stopped
Rob0209,Abb Irb2600,Fanuc,4,6262,217324,E202,2026-11-01,Idle
Rob0210,Abb Irb2600,Fanuc,6,2983,207340,E101,2026-08-31,Maintenance
Rob0211,Abb Irb2600,Abb,5,19908,321132,E310,2026-11-09,Maintenance
Rob0212,Abb Irb2600,Yaskawa,5,11797,781168,E101,2026-11-30,Running
Rob0213,Kuka Kr10,Kuka,4,2618,74612,Nan,2026-09-24,Stopped
Rob0214,Kuka Kr10,Fanuc,6,14593,93835,E310,2026-08-23,Running
Rob0215,Fanuc M-20Id,Kuka,6,12344,741985,Nan,2026-12-06,Maintenance
Rob0216,Kuka Kr10,Yaskawa,5,16243,398438,E310,2026-11-11,Maintenance
Rob0217,Yaskawa Gp25,Kuka,6,6735,249192,E101,2026-10-08,Running
Rob0218,Kuka Kr10,Yaskawa,5,15627,350124,E310,2026-12-02,Stopped
Rob0219,Yaskawa Gp25,Yaskawa,4,5155,783701,E310,2026-07-31,Stopped
Rob0220,Fanuc M-20Id,Abb,5,12999,672902,E101,2026-10-28,Stopped
Rob0221,Kuka Kr10,Fanuc,5,6161,168375,E101,2026-08-02,Idle
Rob0222,Fanuc M-20Id,Fanuc,5,15975,167181,E202,2026-12-18,Maintenance
Rob0223,Abb Irb2600,Fanuc,5,13352,176006,E202,2026-08-03,Maintenance
Rob0224,Abb Irb2600,Abb,5,16855,463882,E310,2026-12-13,Idle
Rob0225,Yaskawa Gp25,Fanuc,5,3973,80156,E202,2026-08-01,Stopped
Rob0226,Kuka Kr10,Abb,4,17498,528239,E101,2026-10-06,Stopped
Rob0227,Yaskawa Gp25,Fanuc,5,5697,365027,E202,2026-08-10,Stopped
Rob0228,Fanuc M-20Id,Abb,6,9737,367666,E202,2026-12-17,Idle
Rob0229,Kuka Kr10,Yaskawa,4,1080,478795,E202,2026-12-13,Stopped
Rob0230,Abb Irb2600,Abb,5,8149,337718,E310,2026-11-10,Maintenance
Rob0231,Kuka Kr10,Kuka,6,6869,143308,E202,2026-08-25,Idle
Rob0232,Abb Irb2600,Abb,5,18958,502571,Nan,2026-11-05,Maintenance
Rob0233,Fanuc M-20Id,Yaskawa,4,11039,95257,E310,2026-11-10,Stopped
Rob0234,Kuka Kr10,Fanuc,5,13265,825197,E101,2026-10-30,Maintenance
Rob0235,Abb Irb2600,Kuka,4,16023,268563,E101,2026-08-31,Running
Rob0236,Kuka Kr10,Kuka,6,16312,599171,E101,2026-11-24,Maintenance
Rob0237,Kuka Kr10,Yaskawa,5,18073,219776,E101,2026-12-01,Running
Rob0238,Kuka Kr10,Fanuc,6,6887,558931,E202,2026-12-05,Idle
Rob0239,Yaskawa Gp25,Yaskawa,6,857,322661,E202,2026-10-03,Idle
Rob0240,Abb Irb2600,Kuka,4,1444,693288,E310,2026-12-26,Running
Rob0241,Kuka Kr10,Yaskawa,4,15136,666293,E310,2026-11-06,Idle
Rob0242,Yaskawa Gp25,Kuka,4,9463,488091,E202,2026-10-10,Idle
Rob0243,Yaskawa Gp25,Kuka,4,19717,144779,E202,2026-11-01,Running
Rob0244,Fanuc M-20Id,Fanuc,5,18606,510277,E202,2026-11-24,Idle
Rob0245,Kuka Kr10,Yaskawa,6,1334,669439,E310,2026-09-07,Maintenance
Rob0246,Yaskawa Gp25,Abb,5,1631,684885,E202,2026-08-04,Maintenance
Rob0247,Fanuc M-20Id,Fanuc,6,4821,530803,Nan,2026-10-07,Running
Rob0248,Abb Irb2600,Abb,4,17630,181318,E101,2026-12-29,Running
Rob0249,Kuka Kr10,Kuka,5,3159,442686,E202,2026-08-18,Running
Rob0250,Yaskawa Gp25,Yaskawa,6,2536,560166,E310,2026-09-18,Stopped
Rob0251,Abb Irb2600,Fanuc,4,15196,176786,Nan,2026-08-22,Maintenance
Rob0252,Abb Irb2600,Abb,4,18774,35401,Nan,2026-12-15,Idle
Rob0253,Yaskawa Gp25,Fanuc,4,7676,805373,E101,2026-08-19,Idle
Rob0254,Abb Irb2600,Kuka,5,13198,802684,E310,2026-12-19,Running
Rob0255,Kuka Kr10,Yaskawa,4,14096,586749,Nan,2026-12-23,Running
Rob0256,Abb Irb2600,Fanuc,4,8020,621046,E310,2026-08-16,Running
Rob0257,Kuka Kr10,Fanuc,6,12562,543881,E101,2026-10-05,Stopped
Rob0258,Abb Irb2600,Abb,6,740,668169,E202,2026-08-10,Maintenance
Rob0259,Kuka Kr10,Yaskawa,4,7105,800806,E202,2026-08-23,Maintenance
Rob0260,Abb Irb2600,Kuka,5,13365,134956,E202,2026-10-29,Stopped
Rob0261,Fanuc M-20Id,Yaskawa,6,17270,817420,E310,2026-07-27,Idle
Rob0262,Abb Irb2600,Fanuc,4,13196,853721,Nan,2027-01-05,Idle
Rob0263,Abb Irb2600,Kuka,6,7523,632076,E202,2026-07-22,Maintenance
Rob0264,Yaskawa Gp25,Fanuc,6,8030,604381,E202,2026-10-29,Idle
Rob0265,Fanuc M-20Id,Kuka,4,7591,879885,E101,2026-08-05,Maintenance
Rob0266,Abb Irb2600,Yaskawa,6,13232,764942,E202,2026-12-15,Stopped
Rob0267,Yaskawa Gp25,Abb,5,16234,598072,E202,2026-08-29,Idle
Rob0268,Fanuc M-20Id,Fanuc,4,1522,659358,Nan,2026-07-27,Running
Rob0269,Kuka Kr10,Fanuc,5,15083,409948,E101,2026-11-03,Running
Rob0270,Fanuc M-20Id,Kuka,4,6751,453721,E202,2026-09-26,Running
Rob0271,Kuka Kr10,Yaskawa,6,1233,321919,Nan,2026-11-14,Running
Rob0272,Kuka Kr10,Abb,5,15472,849444,E101,2026-09-16,Running
Rob0273,Fanuc M-20Id,Yaskawa,4,970,128055,Nan,2026-12-03,Idle
Rob0274,Yaskawa Gp25,Kuka,5,1239,747019,E310,2026-10-12,Running
Rob0275,Abb Irb2600,Abb,4,13526,720954,E310,2026-09-30,Running
Rob0276,Fanuc M-20Id,Yaskawa,5,15760,442458,E101,2026-10-07,Running
Rob0277,Fanuc M-20Id,Fanuc,5,9726,763790,E310,2026-10-02,Idle
Rob0278,Kuka Kr10,Fanuc,6,9411,207205,E101,2026-12-25,Stopped
Rob0279,Fanuc M-20Id,Fanuc,6,14765,596095,E310,2026-12-06,Idle
Rob0280,Fanuc M-20Id,Kuka,5,3397,637099,E202,2026-10-17,Stopped
Rob0281,Yaskawa Gp25,Abb,5,12665,771474,E101,2026-12-08,Maintenance
Rob0282,Kuka Kr10,Yaskawa,4,19512,431296,E202,2026-10-03,Stopped
Rob0283,Kuka Kr10,Kuka,4,16704,718534,E310,2026-10-16,Maintenance
Rob0284,Yaskawa Gp25,Fanuc,6,8796,154327,E202,2026-08-22,Maintenance
Rob0285,Yaskawa Gp25,Yaskawa,6,5883,54832,E202,2027-01-04,Idle
Rob0286,Kuka Kr10,Abb,6,5071,865908,E101,2026-11-18,Stopped
Rob0287,Fanuc M-20Id,Yaskawa,4,16929,580421,Nan,2026-07-14,Running
Rob0288,Fanuc M-20Id,Kuka,6,5896,785643,E101,2026-07-17,Maintenance
Rob0289,Yaskawa Gp25,Fanuc,5,12733,585092,E310,2026-11-20,Stopped
Rob0290,Abb Irb2600,Kuka,6,13869,731211,Nan,2026-12-02,Idle
Rob0291,Yaskawa Gp25,Abb,6,6671,760992,Nan,2026-12-07,Running
Rob0292,Yaskawa Gp25,Abb,4,10545,263580,E310,2026-09-18,Maintenance
Rob0293,Abb Irb2600,Fanuc,4,1270,27007,Nan,2026-12-27,Maintenance
Rob0294,Fanuc M-20Id,Abb,4,2837,80277,E202,2026-12-14,Stopped
Rob0295,Fanuc M-20Id,Yaskawa,5,13705,21081,E202,2026-12-26,Maintenance
Rob0296,Yaskawa Gp25,Kuka,4,10454,459339,E310,2026-08-08,Running
Rob0297,Yaskawa Gp25,Fanuc,5,10973,378571,Nan,2026-07-26,Maintenance
Rob0298,Yaskawa Gp25,Yaskawa,6,3711,453234,E202,2026-07-25,Stopped
Rob0299,Fanuc M-20Id,Yaskawa,4,16472,805921,Nan,2026-07-21,Stopped
Rob0300,Kuka Kr10,Fanuc,4,8540,769461,Nan,2026-07-27,Stopped
Rob0301,Yaskawa Gp25,Kuka,4,15877,46010,E202,2026-12-12,Maintenance
Rob0302,Yaskawa Gp25,Abb,6,13954,109566,Nan,2026-12-01,Idle
Rob0303,Fanuc M-20Id,Yaskawa,4,16951,200036,E310,2026-11-05,Maintenance
Rob0304,Yaskawa Gp25,Fanuc,5,19690,133384,E310,2026-07-26,Idle
Rob0305,Yaskawa Gp25,Kuka,4,1804,314387,E202,2026-10-13,Stopped
Rob0306,Fanuc M-20Id,Abb,4,7024,515566,E310,2026-12-11,Idle
Rob0307,Fanuc M-20Id,Yaskawa,6,6287,819985,E310,2026-12-16,Running
Rob0308,Kuka Kr10,Abb,4,11643,726212,E310,2026-08-20,Idle
Rob0309,Yaskawa Gp25,Fanuc,4,5888,155967,E101,2026-11-20,Running
Rob0310,Yaskawa Gp25,Yaskawa,5,14589,31535,E202,2026-08-16,Running
Rob0311,Yaskawa Gp25,Yaskawa,4,9639,467484,E310,2026-08-21,Running
Rob0312,Fanuc M-20Id,Fanuc,5,12219,507680,E310,2026-09-26,Idle
Rob0313,Abb Irb2600,Fanuc,4,5808,100573,E101,2026-11-29,Idle
Rob0314,Yaskawa Gp25,Kuka,6,9118,511093,Nan,2026-07-25,Idle
Rob0315,Yaskawa Gp25,Fanuc,6,1802,253529,E101,2026-11-03,Idle
Rob0316,Kuka Kr10,Abb,6,13302,21737,E202,2026-09-17,Running
Rob0317,Fanuc M-20Id,Fanuc,6,9212,624017,Nan,2027-01-05,Maintenance
Rob0318,Abb Irb2600,Kuka,4,16241,850145,E101,2026-10-27,Idle
Rob0319,Yaskawa Gp25,Yaskawa,5,7516,113858,E101,2026-09-28,Stopped
Rob0320,Fanuc M-20Id,Abb,6,4660,544635,E101,2026-07-20,Running
Rob0321,Yaskawa Gp25,Fanuc,6,5897,269069,E310,2026-09-08,Maintenance
Rob0322,Abb Irb2600,Kuka,5,2455,798918,E310,2026-08-07,Running
Rob0323,Kuka Kr10,Yaskawa,4,6811,714282,E202,2026-07-18,Stopped
Rob0324,Yaskawa Gp25,Abb,6,4672,512651,E310,2026-07-14,Idle
Rob0325,Abb Irb2600,Kuka,5,2959,463762,Nan,2026-07-31,Stopped
Rob0326,Fanuc M-20Id,Fanuc,6,5269,820463,Nan,2027-01-05,Maintenance
Rob0327,Kuka Kr10,Yaskawa,5,15720,691749,E202,2026-09-03,Maintenance
Rob0328,Kuka Kr10,Kuka,5,17258,521482,E310,2026-11-22,Idle
Rob0329,Yaskawa Gp25,Kuka,4,16545,369042,Nan,2026-10-29,Maintenance
Rob0330,Kuka Kr10,Kuka,5,19978,548462,E101,2026-10-18,Maintenance
Rob0331,Kuka Kr10,Abb,6,6767,375442,E202,2026-12-26,Idle
Rob0332,Kuka Kr10,Yaskawa,5,9147,636797,E310,2026-09-08,Idle
Rob0333,Abb Irb2600,Kuka,4,12345,757237,E202,2026-11-18,Idle
Rob0334,Yaskawa Gp25,Abb,4,10050,679615,E101,2026-07-31,Idle
Rob0335,Kuka Kr10,Abb,6,16784,403214,E101,2026-12-14,Stopped
Rob0336,Yaskawa Gp25,Kuka,6,15543,573513,E202,2026-11-21,Idle
Rob0337,Kuka Kr10,Fanuc,5,4577,404853,E310,2026-08-28,Running
Rob0338,Fanuc M-20Id,Abb,5,16721,486851,E202,2026-11-21,Stopped
Rob0339,Abb Irb2600,Kuka,4,14515,668623,E310,2026-08-11,Running
Rob0340,Yaskawa Gp25,Yaskawa,5,10761,135246,E101,2026-10-11,Idle
Rob0341,Fanuc M-20Id,Kuka,4,1844,898327,Nan,2026-12-01,Maintenance
Rob0342,Fanuc M-20Id,Kuka,4,3642,789116,E310,2026-10-09,Idle
Rob0343,Fanuc M-20Id,Fanuc,4,4151,364005,E202,2026-07-14,Maintenance
Rob0344,Yaskawa Gp25,Abb,4,7723,658347,E202,2026-12-04,Maintenance
Rob0345,Abb Irb2600,Abb,4,18643,622494,E202,2026-11-28,Idle
Rob0346,Abb Irb2600,Yaskawa,4,18250,656233,Nan,2026-07-18,Idle
Rob0347,Fanuc M-20Id,Kuka,5,4581,110331,E101,2026-09-24,Stopped
Rob0348,Abb Irb2600,Abb,5,5927,191973,E101,2026-09-21,Maintenance
Rob0349,Fanuc M-20Id,Fanuc,4,10608,466333,E310,2026-09-21,Stopped
Rob0350,Abb Irb2600,Abb,4,3186,438379,E310,2026-09-20,Stopped
Rob0351,Abb Irb2600,Yaskawa,6,12957,34145,E202,2026-11-03,Idle
Rob0352,Yaskawa Gp25,Yaskawa,6,11716,347725,Nan,2026-12-04,Stopped
Rob0353,Yaskawa Gp25,Yaskawa,6,7232,401078,E101,2026-10-31,Running
Rob0354,Yaskawa Gp25,Abb,5,7287,238514,E202,2026-08-29,Maintenance
Rob0355,Yaskawa Gp25,Kuka,4,10024,252111,E310,2026-08-13,Stopped
Rob0356,Fanuc M-20Id,Abb,6,2619,484214,Nan,2026-10-22,Stopped
Rob0357,Kuka Kr10,Kuka,5,1171,524806,E310,2026-07-25,Stopped
Rob0358,Yaskawa Gp25,Fanuc,5,8853,375145,E101,2026-08-01,Maintenance
Rob0359,Kuka Kr10,Kuka,5,5680,186728,E101,2026-09-05,Idle
Rob0360,Fanuc M-20Id,Yaskawa,5,2072,807662,E101,2026-12-10,Running
Rob0361,Abb Irb2600,Fanuc,6,18614,62497,E202,2026-11-02,Running
Rob0362,Kuka Kr10,Yaskawa,4,10106,158514,E310,2026-10-18,Maintenance
Rob0363,Abb Irb2600,Abb,5,10710,184722,Nan,2026-11-07,Idle
Rob0364,Fanuc M-20Id,Fanuc,6,6265,312244,E310,2026-08-15,Stopped
Rob0365,Abb Irb2600,Abb,4,6902,641907,Nan,2026-09-18,Running
Rob0366,Fanuc M-20Id,Kuka,4,17996,140167,E310,2026-09-08,Maintenance
Rob0367,Abb Irb2600,Abb,6,6621,267579,Nan,2026-11-17,Maintenance
Rob0368,Abb Irb2600,Kuka,6,1178,535245,Nan,2026-08-03,Stopped
Rob0369,Abb Irb2600,Abb,4,15870,173482,E101,2026-11-30,Idle
Rob0370,Kuka Kr10,Kuka,5,8554,487043,E101,2026-11-21,Running
Rob0371,Abb Irb2600,Abb,6,1885,80332,E310,2026-12-02,Idle
Rob0372,Fanuc M-20Id,Kuka,5,17830,847642,E310,2026-12-05,Stopped
Rob0373,Yaskawa Gp25,Yaskawa,6,17528,381128,E310,2026-10-18,Maintenance
Rob0374,Yaskawa Gp25,Abb,6,16875,142372,Nan,2026-08-08,Idle
Rob0375,Fanuc M-20Id,Kuka,5,4285,643754,E310,2026-08-24,Stopped
Rob0376,Yaskawa Gp25,Kuka,5,1282,339824,E310,2026-11-04,Idle
Rob0377,Fanuc M-20Id,Abb,5,5322,481796,E101,2026-11-08,Maintenance
Rob0378,Yaskawa Gp25,Abb,4,1036,248101,E310,2026-08-28,Maintenance
Rob0379,Yaskawa Gp25,Yaskawa,5,15743,399616,E101,2026-09-29,Stopped
Rob0380,Abb Irb2600,Yaskawa,4,8540,162607,Nan,2026-12-14,Maintenance
Rob0381,Kuka Kr10,Fanuc,5,15740,415334,E310,2026-09-27,Running
Rob0382,Kuka Kr10,Kuka,6,18575,510284,Nan,2026-08-07,Stopped
Rob0383,Fanuc M-20Id,Kuka,5,6839,335416,E101,2026-10-03,Running
Rob0384,Fanuc M-20Id,Abb,6,18902,292705,Nan,2027-01-07,Running
Rob0385,Abb Irb2600,Kuka,4,15191,433008,E202,2026-09-14,Stopped
Rob0386,Kuka Kr10,Kuka,5,12557,63389,Nan,2026-12-16,Stopped
Rob0387,Yaskawa Gp25,Yaskawa,6,1684,708687,Nan,2026-12-26,Idle
Rob0388,Yaskawa Gp25,Kuka,6,14913,776980,E202,2026-09-30,Idle
Rob0389,Abb Irb2600,Abb,4,13079,299155,E310,2026-07-19,Idle
Rob0390,Fanuc M-20Id,Fanuc,5,896,149399,E101,2026-11-23,Stopped
Rob0391,Abb Irb2600,Yaskawa,4,14489,583629,E202,2026-09-04,Idle
Rob0392,Fanuc M-20Id,Fanuc,4,1727,288404,E310,2026-12-03,Running
Rob0393,Abb Irb2600,Yaskawa,4,16670,129786,Nan,2026-10-28,Stopped
Rob0394,Kuka Kr10,Kuka,5,8956,615073,E202,2026-10-09,Maintenance
Rob0395,Abb Irb2600,Kuka,6,8537,247186,Nan,2026-09-21,Stopped
Rob0396,Yaskawa Gp25,Kuka,5,17173,325169,E310,2026-09-08,Stopped
Rob0397,Fanuc M-20Id,Kuka,5,3989,874098,E101,2026-12-21,Idle
Rob0398,Abb Irb2600,Abb,5,5521,113386,E202,2026-10-14,Stopped
Rob0399,Yaskawa Gp25,Yaskawa,6,11353,323612,Nan,2027-01-06,Idle
Rob0400,Abb Irb2600,Yaskawa,6,2673,822610,E202,2026-08-04,Running
Rob0401,Yaskawa Gp25,Yaskawa,5,5547,444344,E310,2026-10-14,Running
Rob0402,Kuka Kr10,Kuka,4,10592,257130,E310,2026-08-31,Stopped
Rob0403,Yaskawa Gp25,Abb,5,14593,256532,E202,2026-12-19,Idle
Rob0404,Abb Irb2600,Kuka,4,11219,632273,E310,2026-10-24,Running
Rob0405,Fanuc M-20Id,Fanuc,4,778,167334,E310,2026-10-01,Stopped
Rob0406,Fanuc M-20Id,Abb,4,568,504097,E101,2026-12-20,Running
Rob0407,Abb Irb2600,Kuka,5,12206,708412,Nan,2026-10-08,Running
Rob0408,Abb Irb2600,Kuka,5,3775,50833,Nan,2026-09-12,Running
Rob0409,Fanuc M-20Id,Abb,4,13307,874226,E310,2026-11-07,Running
Rob0410,Kuka Kr10,Kuka,6,17738,85165,E202,2026-09-14,Idle
Rob0411,Fanuc M-20Id,Yaskawa,6,9019,175039,Nan,2026-11-11,Stopped
Rob0412,Abb Irb2600,Kuka,4,13390,365108,E101,2026-07-25,Stopped
Rob0413,Yaskawa Gp25,Kuka,6,10540,317917,E310,2026-09-20,Stopped
Rob0414,Abb Irb2600,Kuka,6,11202,230774,E101,2026-12-20,Stopped
Rob0415,Abb Irb2600,Abb,4,3103,71601,Nan,2026-08-09,Idle
Rob0416,Fanuc M-20Id,Yaskawa,4,5393,767878,Nan,2026-12-13,Maintenance
Rob0417,Kuka Kr10,Kuka,6,8339,763549,E310,2026-12-03,Stopped
Rob0418,Yaskawa Gp25,Fanuc,6,18591,774810,E202,2026-09-29,Idle
Rob0419,Yaskawa Gp25,Fanuc,5,5629,419777,E101,2026-10-14,Maintenance
Rob0420,Fanuc M-20Id,Fanuc,4,8763,418482,E101,2026-08-14,Stopped
Rob0421,Yaskawa Gp25,Yaskawa,6,11103,481452,E101,2026-08-12,Maintenance
Rob0422,Yaskawa Gp25,Kuka,6,6528,17800,E101,2026-12-15,Maintenance
Rob0423,Yaskawa Gp25,Fanuc,5,11462,165365,Nan,2026-08-30,Idle
Rob0424,Abb Irb2600,Yaskawa,5,7127,765797,E101,2026-09-03,Stopped
Rob0425,Fanuc M-20Id,Fanuc,6,12320,755920,E202,2027-01-01,Maintenance
Rob0426,Kuka Kr10,Fanuc,4,16320,819047,E101,2026-11-20,Idle
Rob0427,Abb Irb2600,Kuka,6,17047,296728,E310,2026-12-10,Idle
Rob0428,Yaskawa Gp25,Fanuc,5,19865,583700,E202,2026-09-03,Stopped
Rob0429,Fanuc M-20Id,Kuka,5,1087,437123,Nan,2026-08-27,Stopped
Rob0430,Yaskawa Gp25,Yaskawa,6,19239,252163,E202,2026-12-17,Idle
Rob0431,Yaskawa Gp25,Kuka,5,1768,866410,E101,2026-08-23,Maintenance
Rob0432,Yaskawa Gp25,Kuka,4,17891,250355,Nan,2026-11-28,Idle
Rob0433,Yaskawa Gp25,Abb,5,573,460898,Nan,2026-09-26,Running
Rob0434,Kuka Kr10,Yaskawa,4,16941,778344,E202,2026-09-11,Running
Rob0435,Yaskawa Gp25,Abb,6,18599,311525,Nan,2026-08-15,Idle
Rob0436,Yaskawa Gp25,Kuka,4,18360,697973,E101,2026-07-20,Running
Rob0437,Yaskawa Gp25,Fanuc,5,8547,513174,Nan,2026-12-24,Running
Rob0438,Abb Irb2600,Kuka,4,10078,714444,E202,2026-11-28,Stopped
Rob0439,Abb Irb2600,Yaskawa,4,5870,388986,Nan,2026-12-07,Maintenance
Rob0440,Kuka Kr10,Fanuc,4,5597,137339,Nan,2026-12-26,Idle
Rob0441,Fanuc M-20Id,Kuka,4,4214,812056,E310,2026-09-07,Maintenance
Rob0442,Fanuc M-20Id,Yaskawa,6,4500,514618,E202,2026-09-03,Running
Rob0443,Kuka Kr10,Fanuc,5,6280,416722,E101,2026-11-03,Maintenance
Rob0444,Fanuc M-20Id,Fanuc,4,5817,162895,E202,2026-12-21,Idle
Rob0445,Abb Irb2600,Yaskawa,6,12014,41236,E202,2026-10-31,Stopped
Rob0446,Yaskawa Gp25,Fanuc,6,13687,232675,E101,2026-08-25,Idle
Rob0447,Yaskawa Gp25,Fanuc,6,7930,885048,E310,2026-12-17,Stopped
Rob0448,Yaskawa Gp25,Kuka,6,12587,218785,Nan,2026-12-12,Running
Rob0449,Yaskawa Gp25,Abb,4,19208,382686,Nan,2026-08-27,Maintenance
Rob0450,Kuka Kr10,Yaskawa,6,743,340479,E310,2026-10-08,Running
Rob0451,Abb Irb2600,Fanuc,6,17556,598683,Nan,2026-12-01,Idle
Rob0452,Yaskawa Gp25,Yaskawa,6,18574,771165,E202,2026-09-13,Running
Rob0453,Fanuc M-20Id,Kuka,4,10725,573170,E310,2026-12-15,Maintenance
Rob0454,Fanuc M-20Id,Fanuc,4,10337,707118,E101,2026-09-07,Maintenance
Rob0455,Yaskawa Gp25,Abb,5,11639,442044,Nan,2026-08-01,Maintenance
Rob0456,Fanuc M-20Id,Yaskawa,5,10324,436635,Nan,2026-11-15,Running
Rob0457,Kuka Kr10,Kuka,4,3549,154100,Nan,2026-08-01,Maintenance
Rob0458,Fanuc M-20Id,Fanuc,5,11437,343774,Nan,2026-12-12,Idle
Rob0459,Abb Irb2600,Fanuc,4,2108,299946,E202,2026-10-06,Running
Rob0460,Kuka Kr10,Kuka,4,13726,798845,Nan,2026-10-25,Maintenance
Rob0461,Yaskawa Gp25,Fanuc,6,11420,292117,Nan,2026-07-27,Idle
Rob0462,Fanuc M-20Id,Fanuc,6,631,122018,E310,2026-10-23,Running
Rob0463,Yaskawa Gp25,Kuka,5,18259,122083,E202,2026-10-11,Idle
Rob0464,Abb Irb2600,Fanuc,5,6017,204122,Nan,2026-08-21,Running
Rob0465,Yaskawa Gp25,Abb,6,4650,187596,E101,2026-10-13,Stopped
Rob0466,Fanuc M-20Id,Kuka,6,6645,526583,E101,2026-11-19,Running
Rob0467,Yaskawa Gp25,Abb,6,13228,211821,E202,2026-10-17,Maintenance
Rob0468,Abb Irb2600,Yaskawa,6,13985,616424,E202,2026-12-17,Maintenance
Rob0469,Abb Irb2600,Fanuc,6,14269,277386,E310,2026-09-22,Running
Rob0470,Fanuc M-20Id,Yaskawa,6,6764,793061,E202,2026-12-01,Idle
Rob0471,Abb Irb2600,Fanuc,6,8652,148882,Nan,2026-07-28,Idle
Rob0472,Abb Irb2600,Fanuc,6,2865,727297,E310,2027-01-04,Idle
Rob0473,Abb Irb2600,Kuka,4,19327,12954,E101,2026-09-03,Running
Rob0474,Fanuc M-20Id,Yaskawa,4,11685,226356,E310,2026-08-01,Idle
Rob0475,Abb Irb2600,Fanuc,5,11153,441097,E310,2026-11-17,Maintenance
Rob0476,Yaskawa Gp25,Abb,6,5281,226826,E310,2026-10-30,Maintenance
Rob0477,Abb Irb2600,Abb,5,16520,297202,E310,2026-10-24,Running
Rob0478,Kuka Kr10,Fanuc,5,15690,176309,Nan,2026-11-26,Running
Rob0479,Yaskawa Gp25,Kuka,4,14046,125780,E202,2026-11-23,Idle
Rob0480,Kuka Kr10,Kuka,4,14464,816411,Nan,2026-12-06,Stopped
Rob0481,Fanuc M-20Id,Yaskawa,5,10435,685545,E101,2026-09-16,Stopped
Rob0482,Abb Irb2600,Kuka,5,13299,292737,E101,2026-10-16,Stopped
Rob0483,Abb Irb2600,Yaskawa,4,1061,828946,E101,2026-12-05,Stopped
Rob0484,Yaskawa Gp25,Abb,6,17201,683068,E101,2027-01-06,Running
Rob0485,Kuka Kr10,Kuka,6,8849,733420,Nan,2026-08-27,Maintenance
Rob0486,Kuka Kr10,Yaskawa,4,2563,604706,Nan,2026-09-07,Idle
Rob0487,Kuka Kr10,Kuka,4,18717,653400,E101,2027-01-05,Stopped
Rob0488,Fanuc M-20Id,Abb,4,11227,815823,E310,2026-11-27,Maintenance
Rob0489,Fanuc M-20Id,Yaskawa,4,6639,123735,E202,2026-08-06,Stopped
Rob0490,Kuka Kr10,Kuka,6,7036,669393,E310,2026-11-16,Maintenance
Rob0491,Fanuc M-20Id,Yaskawa,5,6931,266779,E202,2026-09-08,Running
Rob0492,Kuka Kr10,Kuka,5,8402,568352,E202,2026-12-20,Stopped
Rob0493,Abb Irb2600,Yaskawa,6,1038,733233,Nan,2026-12-06,Running
Rob0494,Abb Irb2600,Abb,5,1937,224915,E310,2026-09-23,Stopped
Rob0495,Fanuc M-20Id,Fanuc,6,18475,472716,E101,2026-10-09,Idle
Rob0496,Abb Irb2600,Abb,5,3673,48394,E202,2026-11-30,Running
Rob0497,Yaskawa Gp25,Fanuc,5,19788,481688,E101,2026-08-22,Running
Rob0498,Kuka Kr10,Abb,6,4392,108052,E202,2026-10-25,Idle
Rob0499,Fanuc M-20Id,Yaskawa,6,9579,577358,E101,2026-10-07,Running
Rob0500,Yaskawa Gp25,Abb,5,11337,114955,Nan,2026-10-17,Idle
